<http://www.csiro.au/sensorweb/seff/SEFF.owl#Harmonisation_15> 	 <http://www.csiro.au/sensorweb/seff/SEFF.owl#pet22a> .
<http://www.csiro.au/sensorweb/seff/SEFF.owl#SurfaceGeneration_15> 	 <http://www.csiro.au/sensorweb/seff/SEFF.owl#pet22a> .
<http://www.csiro.au/sensorweb/seff/SEFF.owl#SurfaceGeneration_16> 	 <http://www.csiro.au/sensorweb/seff/SEFF.owl#pet22a> .
<http://www.csiro.au/sensorweb/seff/SEFF.owl#Harmonisation_16> 	 <http://www.csiro.au/sensorweb/seff/SEFF.owl#pet22a> .
<http://www.csiro.au/sensorweb/seff/SEFF.owl#Harmonisation_17> 	 <http://www.csiro.au/sensorweb/seff/SEFF.owl#pet22a> .
<http://www.csiro.au/sensorweb/seff/SEFF.owl#SurfaceGeneration_17> 	 <http://www.csiro.au/sensorweb/seff/SEFF.owl#pet22a> .
<http://www.csiro.au/sensorweb/seff/SEFF.owl#Harmonisation_18> 	 <http://www.csiro.au/sensorweb/seff/SEFF.owl#pet22a> .
<http://www.csiro.au/sensorweb/seff/SEFF.owl#SurfaceGeneration_18> 	 <http://www.csiro.au/sensorweb/seff/SEFF.owl#pet22a> .
<http://www.csiro.au/sensorweb/seff/SEFF.owl#Harmonisation_19> 	 <http://www.csiro.au/sensorweb/seff/SEFF.owl#pet22a> .
<http://www.csiro.au/sensorweb/seff/SEFF.owl#SurfaceGeneration_19> 	 <http://www.csiro.au/sensorweb/seff/SEFF.owl#pet22a> .
<http://www.csiro.au/sensorweb/seff/SEFF.owl#Harmonisation_20> 	 <http://www.csiro.au/sensorweb/seff/SEFF.owl#pet22a> .
<http://www.csiro.au/sensorweb/seff/SEFF.owl#SurfaceGeneration_20> 	 <http://www.csiro.au/sensorweb/seff/SEFF.owl#pet22a> .
<http://www.csiro.au/sensorweb/seff/SEFF.owl#SurfaceGeneration_21> 	 <http://www.csiro.au/sensorweb/seff/SEFF.owl#pet22a> .
<http://www.csiro.au/sensorweb/seff/SEFF.owl#Harmonisation_21> 	 <http://www.csiro.au/sensorweb/seff/SEFF.owl#pet22a> .
<http://www.csiro.au/sensorweb/seff/SEFF.owl#Harmonisation_22> 	 <http://www.csiro.au/sensorweb/seff/SEFF.owl#pet22a> .
<http://www.csiro.au/sensorweb/seff/SEFF.owl#SurfaceGeneration_22> 	 <http://www.csiro.au/sensorweb/seff/SEFF.owl#pet22a> .
<http://www.csiro.au/sensorweb/seff/SEFF.owl#Harmonisation_5> 	 <http://www.csiro.au/sensorweb/seff/SEFF.owl#pet22a> .
<http://www.csiro.au/sensorweb/seff/SEFF.owl#SurfaceGeneration_5> 	 <http://www.csiro.au/sensorweb/seff/SEFF.owl#pet22a> .
<http://www.csiro.au/sensorweb/seff/SEFF.owl#Harmonisation_23> 	 <http://www.csiro.au/sensorweb/seff/SEFF.owl#pet22a> .
<http://www.csiro.au/sensorweb/seff/SEFF.owl#SurfaceGeneration_23> 	 <http://www.csiro.au/sensorweb/seff/SEFF.owl#pet22a> .
<http://www.csiro.au/sensorweb/seff/SEFF.owl#SurfaceGeneration_24> 	 <http://www.csiro.au/sensorweb/seff/SEFF.owl#pet22a> .
<http://www.csiro.au/sensorweb/seff/SEFF.owl#Harmonisation_24> 	 <http://www.csiro.au/sensorweb/seff/SEFF.owl#pet22a> .
<http://www.csiro.au/sensorweb/seff/SEFF.owl#Harmonisation_25> 	 <http://www.csiro.au/sensorweb/seff/SEFF.owl#pet22a> .
<http://www.csiro.au/sensorweb/seff/SEFF.owl#SurfaceGeneration_25> 	 <http://www.csiro.au/sensorweb/seff/SEFF.owl#pet22a> .
<http://www.csiro.au/sensorweb/seff/SEFF.owl#Harmonisation_26> 	 <http://www.csiro.au/sensorweb/seff/SEFF.owl#pet22a> .
<http://www.csiro.au/sensorweb/seff/SEFF.owl#SurfaceGeneration_26> 	 <http://www.csiro.au/sensorweb/seff/SEFF.owl#pet22a> .
<http://www.csiro.au/sensorweb/seff/SEFF.owl#Harmonisation_27> 	 <http://www.csiro.au/sensorweb/seff/SEFF.owl#pet22a> .
<http://www.csiro.au/sensorweb/seff/SEFF.owl#SurfaceGeneration_27> 	 <http://www.csiro.au/sensorweb/seff/SEFF.owl#pet22a> .
<http://www.csiro.au/sensorweb/seff/SEFF.owl#SurfaceGeneration_28> 	 <http://www.csiro.au/sensorweb/seff/SEFF.owl#pet22a> .
<http://www.csiro.au/sensorweb/seff/SEFF.owl#Harmonisation_28> 	 <http://www.csiro.au/sensorweb/seff/SEFF.owl#pet22a> .
<http://www.csiro.au/sensorweb/seff/SEFF.owl#Harmonisation_29> 	 <http://www.csiro.au/sensorweb/seff/SEFF.owl#pet22a> .
<http://www.csiro.au/sensorweb/seff/SEFF.owl#SurfaceGeneration_29> 	 <http://www.csiro.au/sensorweb/seff/SEFF.owl#pet22a> .
<http://www.csiro.au/sensorweb/seff/SEFF.owl#Harmonisation_30> 	 <http://www.csiro.au/sensorweb/seff/SEFF.owl#pet22a> .
<http://www.csiro.au/sensorweb/seff/SEFF.owl#SurfaceGeneration_30> 	 <http://www.csiro.au/sensorweb/seff/SEFF.owl#pet22a> .
<http://www.csiro.au/sensorweb/seff/SEFF.owl#Harmonisation_31> 	 <http://www.csiro.au/sensorweb/seff/SEFF.owl#pet22a> .
<http://www.csiro.au/sensorweb/seff/SEFF.owl#SurfaceGeneration_31> 	 <http://www.csiro.au/sensorweb/seff/SEFF.owl#pet22a> .
<http://www.csiro.au/sensorweb/seff/SEFF.owl#Harmonisation_32> 	 <http://www.csiro.au/sensorweb/seff/SEFF.owl#pet22a> .
<http://www.csiro.au/sensorweb/seff/SEFF.owl#SurfaceGeneration_32> 	 <http://www.csiro.au/sensorweb/seff/SEFF.owl#pet22a> .
<http://www.csiro.au/sensorweb/seff/SEFF.owl#SurfaceGeneration_6> 	 <http://www.csiro.au/sensorweb/seff/SEFF.owl#pet22a> .
<http://www.csiro.au/sensorweb/seff/SEFF.owl#Harmonisation_6> 	 <http://www.csiro.au/sensorweb/seff/SEFF.owl#pet22a> .
<http://www.csiro.au/sensorweb/seff/SEFF.owl#Harmonisation_33> 	 <http://www.csiro.au/sensorweb/seff/SEFF.owl#pet22a> .
<http://www.csiro.au/sensorweb/seff/SEFF.owl#SurfaceGeneration_33> 	 <http://www.csiro.au/sensorweb/seff/SEFF.owl#pet22a> .
<http://www.csiro.au/sensorweb/seff/SEFF.owl#SurfaceGeneration_34> 	 <http://www.csiro.au/sensorweb/seff/SEFF.owl#pet22a> .
<http://www.csiro.au/sensorweb/seff/SEFF.owl#Harmonisation_34> 	 <http://www.csiro.au/sensorweb/seff/SEFF.owl#pet22a> .
<http://www.csiro.au/sensorweb/seff/SEFF.owl#Harmonisation_35> 	 <http://www.csiro.au/sensorweb/seff/SEFF.owl#pet22a> .
<http://www.csiro.au/sensorweb/seff/SEFF.owl#SurfaceGeneration_35> 	 <http://www.csiro.au/sensorweb/seff/SEFF.owl#pet22a> .
<http://www.csiro.au/sensorweb/seff/SEFF.owl#Harmonisation_36> 	 <http://www.csiro.au/sensorweb/seff/SEFF.owl#pet22a> .
<http://www.csiro.au/sensorweb/seff/SEFF.owl#SurfaceGeneration_36> 	 <http://www.csiro.au/sensorweb/seff/SEFF.owl#pet22a> .
<http://www.csiro.au/sensorweb/seff/SEFF.owl#Harmonisation_37> 	 <http://www.csiro.au/sensorweb/seff/SEFF.owl#pet22a> .
<http://www.csiro.au/sensorweb/seff/SEFF.owl#SurfaceGeneration_37> 	 <http://www.csiro.au/sensorweb/seff/SEFF.owl#pet22a> .
<http://www.csiro.au/sensorweb/seff/SEFF.owl#Harmonisation_38> 	 <http://www.csiro.au/sensorweb/seff/SEFF.owl#pet22a> .
<http://www.csiro.au/sensorweb/seff/SEFF.owl#SurfaceGeneration_38> 	 <http://www.csiro.au/sensorweb/seff/SEFF.owl#pet22a> .
<http://www.csiro.au/sensorweb/seff/SEFF.owl#Harmonisation_39> 	 <http://www.csiro.au/sensorweb/seff/SEFF.owl#pet22a> .
<http://www.csiro.au/sensorweb/seff/SEFF.owl#SurfaceGeneration_39> 	 <http://www.csiro.au/sensorweb/seff/SEFF.owl#pet22a> .
<http://www.csiro.au/sensorweb/seff/SEFF.owl#Harmonisation_40> 	 <http://www.csiro.au/sensorweb/seff/SEFF.owl#pet22a> .
<http://www.csiro.au/sensorweb/seff/SEFF.owl#SurfaceGeneration_40> 	 <http://www.csiro.au/sensorweb/seff/SEFF.owl#pet22a> .
<http://www.csiro.au/sensorweb/seff/SEFF.owl#Harmonisation_41> 	 <http://www.csiro.au/sensorweb/seff/SEFF.owl#pet22a> .
<http://www.csiro.au/sensorweb/seff/SEFF.owl#SurfaceGeneration_41> 	 <http://www.csiro.au/sensorweb/seff/SEFF.owl#pet22a> .
<http://www.csiro.au/sensorweb/seff/SEFF.owl#SurfaceGeneration_42> 	 <http://www.csiro.au/sensorweb/seff/SEFF.owl#pet22a> .
<http://www.csiro.au/sensorweb/seff/SEFF.owl#Harmonisation_42> 	 <http://www.csiro.au/sensorweb/seff/SEFF.owl#pet22a> .
<http://www.csiro.au/sensorweb/seff/SEFF.owl#Harmonisation_43> 	 <http://www.csiro.au/sensorweb/seff/SEFF.owl#pet22a> .
<http://www.csiro.au/sensorweb/seff/SEFF.owl#SurfaceGeneration_43> 	 <http://www.csiro.au/sensorweb/seff/SEFF.owl#pet22a> .
<http://www.csiro.au/sensorweb/seff/SEFF.owl#Harmonisation_7> 	 <http://www.csiro.au/sensorweb/seff/SEFF.owl#pet22a> .
<http://www.csiro.au/sensorweb/seff/SEFF.owl#SurfaceGeneration_7> 	 <http://www.csiro.au/sensorweb/seff/SEFF.owl#pet22a> .
<http://www.csiro.au/sensorweb/seff/SEFF.owl#Harmonisation_53> 	 <http://www.csiro.au/sensorweb/seff/SEFF.owl#pet22a> .
<http://www.csiro.au/sensorweb/seff/SEFF.owl#SurfaceGeneration_53> 	 <http://www.csiro.au/sensorweb/seff/SEFF.owl#pet22a> .
<http://www.csiro.au/sensorweb/seff/SEFF.owl#Harmonisation_47> 	 <http://www.csiro.au/sensorweb/seff/SEFF.owl#pet22a> .
<http://www.csiro.au/sensorweb/seff/SEFF.owl#SurfaceGeneration_47> 	 <http://www.csiro.au/sensorweb/seff/SEFF.owl#pet22a> .
<http://www.csiro.au/sensorweb/seff/SEFF.owl#Harmonisation_48> 	 <http://www.csiro.au/sensorweb/seff/SEFF.owl#pet22a> .
<http://www.csiro.au/sensorweb/seff/SEFF.owl#SurfaceGeneration_48> 	 <http://www.csiro.au/sensorweb/seff/SEFF.owl#pet22a> .
<http://www.csiro.au/sensorweb/seff/SEFF.owl#SurfaceGeneration_49> 	 <http://www.csiro.au/sensorweb/seff/SEFF.owl#pet22a> .
<http://www.csiro.au/sensorweb/seff/SEFF.owl#Harmonisation_49> 	 <http://www.csiro.au/sensorweb/seff/SEFF.owl#pet22a> .
<http://www.csiro.au/sensorweb/seff/SEFF.owl#Harmonisation_50> 	 <http://www.csiro.au/sensorweb/seff/SEFF.owl#pet22a> .
<http://www.csiro.au/sensorweb/seff/SEFF.owl#SurfaceGeneration_50> 	 <http://www.csiro.au/sensorweb/seff/SEFF.owl#pet22a> .
<http://www.csiro.au/sensorweb/seff/SEFF.owl#Harmonisation_51> 	 <http://www.csiro.au/sensorweb/seff/SEFF.owl#pet22a> .
<http://www.csiro.au/sensorweb/seff/SEFF.owl#SurfaceGeneration_51> 	 <http://www.csiro.au/sensorweb/seff/SEFF.owl#pet22a> .
<http://www.csiro.au/sensorweb/seff/SEFF.owl#Harmonisation_52> 	 <http://www.csiro.au/sensorweb/seff/SEFF.owl#pet22a> .
<http://www.csiro.au/sensorweb/seff/SEFF.owl#SurfaceGeneration_52> 	 <http://www.csiro.au/sensorweb/seff/SEFF.owl#pet22a> .
<http://www.csiro.au/sensorweb/seff/SEFF.owl#Harmonisation_8> 	 <http://www.csiro.au/sensorweb/seff/SEFF.owl#pet22a> .
<http://www.csiro.au/sensorweb/seff/SEFF.owl#SurfaceGeneration_8> 	 <http://www.csiro.au/sensorweb/seff/SEFF.owl#pet22a> .
<http://www.csiro.au/sensorweb/seff/SEFF.owl#Harmonisation_54> 	 <http://www.csiro.au/sensorweb/seff/SEFF.owl#pet22a> .
<http://www.csiro.au/sensorweb/seff/SEFF.owl#SurfaceGeneration_54> 	 <http://www.csiro.au/sensorweb/seff/SEFF.owl#pet22a> .
<http://www.csiro.au/sensorweb/seff/SEFF.owl#Harmonisation_55> 	 <http://www.csiro.au/sensorweb/seff/SEFF.owl#pet22a> .
<http://www.csiro.au/sensorweb/seff/SEFF.owl#SurfaceGeneration_55> 	 <http://www.csiro.au/sensorweb/seff/SEFF.owl#pet22a> .
<http://www.csiro.au/sensorweb/seff/SEFF.owl#Harmonisation_56> 	 <http://www.csiro.au/sensorweb/seff/SEFF.owl#pet22a> .
<http://www.csiro.au/sensorweb/seff/SEFF.owl#SurfaceGeneration_56> 	 <http://www.csiro.au/sensorweb/seff/SEFF.owl#pet22a> .
<http://www.csiro.au/sensorweb/seff/SEFF.owl#Harmonisation_57> 	 <http://www.csiro.au/sensorweb/seff/SEFF.owl#pet22a> .
<http://www.csiro.au/sensorweb/seff/SEFF.owl#SurfaceGeneration_57> 	 <http://www.csiro.au/sensorweb/seff/SEFF.owl#pet22a> .
<http://www.csiro.au/sensorweb/seff/SEFF.owl#Harmonisation_58> 	 <http://www.csiro.au/sensorweb/seff/SEFF.owl#pet22a> .
<http://www.csiro.au/sensorweb/seff/SEFF.owl#SurfaceGeneration_58> 	 <http://www.csiro.au/sensorweb/seff/SEFF.owl#pet22a> .
<http://www.csiro.au/sensorweb/seff/SEFF.owl#Harmonisation_59> 	 <http://www.csiro.au/sensorweb/seff/SEFF.owl#pet22a> .
<http://www.csiro.au/sensorweb/seff/SEFF.owl#SurfaceGeneration_59> 	 <http://www.csiro.au/sensorweb/seff/SEFF.owl#pet22a> .
<http://www.csiro.au/sensorweb/seff/SEFF.owl#Harmonisation_60> 	 <http://www.csiro.au/sensorweb/seff/SEFF.owl#pet22a> .
<http://www.csiro.au/sensorweb/seff/SEFF.owl#SurfaceGeneration_60> 	 <http://www.csiro.au/sensorweb/seff/SEFF.owl#pet22a> .
<http://www.csiro.au/sensorweb/seff/SEFF.owl#Harmonisation_61> 	 <http://www.csiro.au/sensorweb/seff/SEFF.owl#pet22a> .
<http://www.csiro.au/sensorweb/seff/SEFF.owl#SurfaceGeneration_61> 	 <http://www.csiro.au/sensorweb/seff/SEFF.owl#pet22a> .
<http://www.csiro.au/sensorweb/seff/SEFF.owl#Harmonisation_62> 	 <http://www.csiro.au/sensorweb/seff/SEFF.owl#pet22a> .
<http://www.csiro.au/sensorweb/seff/SEFF.owl#SurfaceGeneration_62> 	 <http://www.csiro.au/sensorweb/seff/SEFF.owl#pet22a> .
<http://www.csiro.au/sensorweb/seff/SEFF.owl#Harmonisation_9> 	 <http://www.csiro.au/sensorweb/seff/SEFF.owl#pet22a> .
<http://www.csiro.au/sensorweb/seff/SEFF.owl#SurfaceGeneration_9> 	 <http://www.csiro.au/sensorweb/seff/SEFF.owl#pet22a> .
<http://www.csiro.au/sensorweb/seff/SEFF.owl#SurfaceGeneration_64> 	 <http://www.csiro.au/sensorweb/seff/SEFF.owl#pet22a> .
<http://www.csiro.au/sensorweb/seff/SEFF.owl#Harmonisation_64> 	 <http://www.csiro.au/sensorweb/seff/SEFF.owl#pet22a> .
<http://www.csiro.au/sensorweb/seff/SEFF.owl#Harmonisation_63> 	 <http://www.csiro.au/sensorweb/seff/SEFF.owl#pet22a> .
<http://www.csiro.au/sensorweb/seff/SEFF.owl#SurfaceGeneration_63> 	 <http://www.csiro.au/sensorweb/seff/SEFF.owl#pet22a> .
<http://www.csiro.au/sensorweb/seff/SEFF.owl#Harmonisation_65> 	 <http://www.csiro.au/sensorweb/seff/SEFF.owl#pet22a> .
<http://www.csiro.au/sensorweb/seff/SEFF.owl#SurfaceGeneration_65> 	 <http://www.csiro.au/sensorweb/seff/SEFF.owl#pet22a> .
<http://www.csiro.au/sensorweb/seff/SEFF.owl#Harmonisation_66> 	 <http://www.csiro.au/sensorweb/seff/SEFF.owl#pet22a> .
<http://www.csiro.au/sensorweb/seff/SEFF.owl#SurfaceGeneration_66> 	 <http://www.csiro.au/sensorweb/seff/SEFF.owl#pet22a> .
<http://www.csiro.au/sensorweb/seff/SEFF.owl#Harmonisation_67> 	 <http://www.csiro.au/sensorweb/seff/SEFF.owl#pet22a> .
<http://www.csiro.au/sensorweb/seff/SEFF.owl#SurfaceGeneration_67> 	 <http://www.csiro.au/sensorweb/seff/SEFF.owl#pet22a> .
<http://www.csiro.au/sensorweb/seff/SEFF.owl#Harmonisation_68> 	 <http://www.csiro.au/sensorweb/seff/SEFF.owl#pet22a> .
<http://www.csiro.au/sensorweb/seff/SEFF.owl#SurfaceGeneration_68> 	 <http://www.csiro.au/sensorweb/seff/SEFF.owl#pet22a> .
<http://www.csiro.au/sensorweb/seff/SEFF.owl#Harmonisation_69> 	 <http://www.csiro.au/sensorweb/seff/SEFF.owl#pet22a> .
<http://www.csiro.au/sensorweb/seff/SEFF.owl#SurfaceGeneration_69> 	 <http://www.csiro.au/sensorweb/seff/SEFF.owl#pet22a> .
<http://www.csiro.au/sensorweb/seff/SEFF.owl#Harmonisation_71> 	 <http://www.csiro.au/sensorweb/seff/SEFF.owl#pet22a> .
<http://www.csiro.au/sensorweb/seff/SEFF.owl#SurfaceGeneration_71> 	 <http://www.csiro.au/sensorweb/seff/SEFF.owl#pet22a> .
<http://www.csiro.au/sensorweb/seff/SEFF.owl#SurfaceGeneration_73> 	 <http://www.csiro.au/sensorweb/seff/SEFF.owl#pet22a> .
<http://www.csiro.au/sensorweb/seff/SEFF.owl#Harmonisation_73> 	 <http://www.csiro.au/sensorweb/seff/SEFF.owl#pet22a> .
<http://www.csiro.au/sensorweb/seff/SEFF.owl#Harmonisation_75> 	 <http://www.csiro.au/sensorweb/seff/SEFF.owl#pet22a> .
<http://www.csiro.au/sensorweb/seff/SEFF.owl#SurfaceGeneration_75> 	 <http://www.csiro.au/sensorweb/seff/SEFF.owl#pet22a> .
<http://www.csiro.au/sensorweb/seff/SEFF.owl#Harmonisation_70> 	 <http://www.csiro.au/sensorweb/seff/SEFF.owl#pet22a> .
<http://www.csiro.au/sensorweb/seff/SEFF.owl#SurfaceGeneration_70> 	 <http://www.csiro.au/sensorweb/seff/SEFF.owl#pet22a> .
<http://www.csiro.au/sensorweb/seff/SEFF.owl#Harmonisation_72> 	 <http://www.csiro.au/sensorweb/seff/SEFF.owl#pet22a> .
<http://www.csiro.au/sensorweb/seff/SEFF.owl#SurfaceGeneration_72> 	 <http://www.csiro.au/sensorweb/seff/SEFF.owl#pet22a> .
<http://www.csiro.au/sensorweb/seff/SEFF.owl#Harmonisation_10> 	 <http://www.csiro.au/sensorweb/seff/SEFF.owl#pet22a> .
<http://www.csiro.au/sensorweb/seff/SEFF.owl#SurfaceGeneration_10> 	 <http://www.csiro.au/sensorweb/seff/SEFF.owl#pet22a> .
<http://www.csiro.au/sensorweb/seff/SEFF.owl#Harmonisation_74> 	 <http://www.csiro.au/sensorweb/seff/SEFF.owl#pet22a> .
<http://www.csiro.au/sensorweb/seff/SEFF.owl#SurfaceGeneration_74> 	 <http://www.csiro.au/sensorweb/seff/SEFF.owl#pet22a> .
<http://www.csiro.au/sensorweb/seff/SEFF.owl#Harmonisation_76> 	 <http://www.csiro.au/sensorweb/seff/SEFF.owl#pet22a> .
<http://www.csiro.au/sensorweb/seff/SEFF.owl#SurfaceGeneration_76> 	 <http://www.csiro.au/sensorweb/seff/SEFF.owl#pet22a> .
<http://www.csiro.au/sensorweb/seff/SEFF.owl#Harmonisation_77> 	 <http://www.csiro.au/sensorweb/seff/SEFF.owl#pet22a> .
<http://www.csiro.au/sensorweb/seff/SEFF.owl#SurfaceGeneration_77> 	 <http://www.csiro.au/sensorweb/seff/SEFF.owl#pet22a> .
<http://www.csiro.au/sensorweb/seff/SEFF.owl#Harmonisation_78> 	 <http://www.csiro.au/sensorweb/seff/SEFF.owl#pet22a> .
<http://www.csiro.au/sensorweb/seff/SEFF.owl#SurfaceGeneration_78> 	 <http://www.csiro.au/sensorweb/seff/SEFF.owl#pet22a> .
<http://www.csiro.au/sensorweb/seff/SEFF.owl#Harmonisation_79> 	 <http://www.csiro.au/sensorweb/seff/SEFF.owl#pet22a> .
<http://www.csiro.au/sensorweb/seff/SEFF.owl#SurfaceGeneration_79> 	 <http://www.csiro.au/sensorweb/seff/SEFF.owl#pet22a> .
<http://www.csiro.au/sensorweb/seff/SEFF.owl#Harmonisation_81> 	 <http://www.csiro.au/sensorweb/seff/SEFF.owl#pet22a> .
<http://www.csiro.au/sensorweb/seff/SEFF.owl#SurfaceGeneration_81> 	 <http://www.csiro.au/sensorweb/seff/SEFF.owl#pet22a> .
<http://www.csiro.au/sensorweb/seff/SEFF.owl#Harmonisation_83> 	 <http://www.csiro.au/sensorweb/seff/SEFF.owl#pet22a> .
<http://www.csiro.au/sensorweb/seff/SEFF.owl#SurfaceGeneration_83> 	 <http://www.csiro.au/sensorweb/seff/SEFF.owl#pet22a> .
<http://www.csiro.au/sensorweb/seff/SEFF.owl#SurfaceGeneration_85> 	 <http://www.csiro.au/sensorweb/seff/SEFF.owl#pet22a> .
<http://www.csiro.au/sensorweb/seff/SEFF.owl#Harmonisation_85> 	 <http://www.csiro.au/sensorweb/seff/SEFF.owl#pet22a> .
<http://www.csiro.au/sensorweb/seff/SEFF.owl#SurfaceGeneration_87> 	 <http://www.csiro.au/sensorweb/seff/SEFF.owl#pet22a> .
<http://www.csiro.au/sensorweb/seff/SEFF.owl#Harmonisation_87> 	 <http://www.csiro.au/sensorweb/seff/SEFF.owl#pet22a> .
<http://www.csiro.au/sensorweb/seff/SEFF.owl#Harmonisation_80> 	 <http://www.csiro.au/sensorweb/seff/SEFF.owl#pet22a> .
<http://www.csiro.au/sensorweb/seff/SEFF.owl#SurfaceGeneration_80> 	 <http://www.csiro.au/sensorweb/seff/SEFF.owl#pet22a> .
<http://www.csiro.au/sensorweb/seff/SEFF.owl#Harmonisation_82> 	 <http://www.csiro.au/sensorweb/seff/SEFF.owl#pet22a> .
<http://www.csiro.au/sensorweb/seff/SEFF.owl#SurfaceGeneration_82> 	 <http://www.csiro.au/sensorweb/seff/SEFF.owl#pet22a> .
<http://www.csiro.au/sensorweb/seff/SEFF.owl#SurfaceGeneration_11> 	 <http://www.csiro.au/sensorweb/seff/SEFF.owl#pet22a> .
<http://www.csiro.au/sensorweb/seff/SEFF.owl#Harmonisation_11> 	 <http://www.csiro.au/sensorweb/seff/SEFF.owl#pet22a> .
<http://www.csiro.au/sensorweb/seff/SEFF.owl#Harmonisation_84> 	 <http://www.csiro.au/sensorweb/seff/SEFF.owl#pet22a> .
<http://www.csiro.au/sensorweb/seff/SEFF.owl#SurfaceGeneration_84> 	 <http://www.csiro.au/sensorweb/seff/SEFF.owl#pet22a> .
<http://www.csiro.au/sensorweb/seff/SEFF.owl#SurfaceGeneration_86> 	 <http://www.csiro.au/sensorweb/seff/SEFF.owl#pet22a> .
<http://www.csiro.au/sensorweb/seff/SEFF.owl#Harmonisation_86> 	 <http://www.csiro.au/sensorweb/seff/SEFF.owl#pet22a> .
<http://www.csiro.au/sensorweb/seff/SEFF.owl#Harmonisation_88> 	 <http://www.csiro.au/sensorweb/seff/SEFF.owl#pet22a> .
<http://www.csiro.au/sensorweb/seff/SEFF.owl#SurfaceGeneration_88> 	 <http://www.csiro.au/sensorweb/seff/SEFF.owl#pet22a> .
<http://www.csiro.au/sensorweb/seff/SEFF.owl#Harmonisation_89> 	 <http://www.csiro.au/sensorweb/seff/SEFF.owl#pet22a> .
<http://www.csiro.au/sensorweb/seff/SEFF.owl#SurfaceGeneration_89> 	 <http://www.csiro.au/sensorweb/seff/SEFF.owl#pet22a> .
<http://www.csiro.au/sensorweb/seff/SEFF.owl#Harmonisation_91> 	 <http://www.csiro.au/sensorweb/seff/SEFF.owl#pet22a> .
<http://www.csiro.au/sensorweb/seff/SEFF.owl#SurfaceGeneration_91> 	 <http://www.csiro.au/sensorweb/seff/SEFF.owl#pet22a> .
<http://www.csiro.au/sensorweb/seff/SEFF.owl#Harmonisation_93> 	 <http://www.csiro.au/sensorweb/seff/SEFF.owl#pet22a> .
<http://www.csiro.au/sensorweb/seff/SEFF.owl#SurfaceGeneration_93> 	 <http://www.csiro.au/sensorweb/seff/SEFF.owl#pet22a> .
<http://www.csiro.au/sensorweb/seff/SEFF.owl#Harmonisation_95> 	 <http://www.csiro.au/sensorweb/seff/SEFF.owl#pet22a> .
<http://www.csiro.au/sensorweb/seff/SEFF.owl#SurfaceGeneration_95> 	 <http://www.csiro.au/sensorweb/seff/SEFF.owl#pet22a> .
<http://www.csiro.au/sensorweb/seff/SEFF.owl#Harmonisation_97> 	 <http://www.csiro.au/sensorweb/seff/SEFF.owl#pet22a> .
<http://www.csiro.au/sensorweb/seff/SEFF.owl#SurfaceGeneration_97> 	 <http://www.csiro.au/sensorweb/seff/SEFF.owl#pet22a> .
<http://www.csiro.au/sensorweb/seff/SEFF.owl#Harmonisation_99> 	 <http://www.csiro.au/sensorweb/seff/SEFF.owl#pet22a> .
<http://www.csiro.au/sensorweb/seff/SEFF.owl#SurfaceGeneration_99> 	 <http://www.csiro.au/sensorweb/seff/SEFF.owl#pet22a> .
<http://www.csiro.au/sensorweb/seff/SEFF.owl#Harmonisation_90> 	 <http://www.csiro.au/sensorweb/seff/SEFF.owl#pet22a> .
<http://www.csiro.au/sensorweb/seff/SEFF.owl#SurfaceGeneration_90> 	 <http://www.csiro.au/sensorweb/seff/SEFF.owl#pet22a> .
<http://www.csiro.au/sensorweb/seff/SEFF.owl#Harmonisation_12> 	 <http://www.csiro.au/sensorweb/seff/SEFF.owl#pet22a> .
<http://www.csiro.au/sensorweb/seff/SEFF.owl#SurfaceGeneration_12> 	 <http://www.csiro.au/sensorweb/seff/SEFF.owl#pet22a> .
<http://www.csiro.au/sensorweb/seff/SEFF.owl#Harmonisation_94> 	 <http://www.csiro.au/sensorweb/seff/SEFF.owl#pet22a> .
<http://www.csiro.au/sensorweb/seff/SEFF.owl#SurfaceGeneration_94> 	 <http://www.csiro.au/sensorweb/seff/SEFF.owl#pet22a> .
<http://www.csiro.au/sensorweb/seff/SEFF.owl#Harmonisation_96> 	 <http://www.csiro.au/sensorweb/seff/SEFF.owl#pet22a> .
<http://www.csiro.au/sensorweb/seff/SEFF.owl#SurfaceGeneration_96> 	 <http://www.csiro.au/sensorweb/seff/SEFF.owl#pet22a> .
<http://www.csiro.au/sensorweb/seff/SEFF.owl#Harmonisation_98> 	 <http://www.csiro.au/sensorweb/seff/SEFF.owl#pet22a> .
<http://www.csiro.au/sensorweb/seff/SEFF.owl#SurfaceGeneration_98> 	 <http://www.csiro.au/sensorweb/seff/SEFF.owl#pet22a> .
<http://www.csiro.au/sensorweb/seff/SEFF.owl#Harmonisation_100> 	 <http://www.csiro.au/sensorweb/seff/SEFF.owl#pet22a> .
<http://www.csiro.au/sensorweb/seff/SEFF.owl#SurfaceGeneration_100> 	 <http://www.csiro.au/sensorweb/seff/SEFF.owl#pet22a> .
<http://www.csiro.au/sensorweb/seff/SEFF.owl#Harmonisation_101> 	 <http://www.csiro.au/sensorweb/seff/SEFF.owl#pet22a> .
<http://www.csiro.au/sensorweb/seff/SEFF.owl#SurfaceGeneration_101> 	 <http://www.csiro.au/sensorweb/seff/SEFF.owl#pet22a> .
<http://www.csiro.au/sensorweb/seff/SEFF.owl#SurfaceGeneration_102> 	 <http://www.csiro.au/sensorweb/seff/SEFF.owl#pet22a> .
<http://www.csiro.au/sensorweb/seff/SEFF.owl#Harmonisation_102> 	 <http://www.csiro.au/sensorweb/seff/SEFF.owl#pet22a> .
<http://www.csiro.au/sensorweb/seff/SEFF.owl#Harmonisation_13> 	 <http://www.csiro.au/sensorweb/seff/SEFF.owl#pet22a> .
<http://www.csiro.au/sensorweb/seff/SEFF.owl#SurfaceGeneration_13> 	 <http://www.csiro.au/sensorweb/seff/SEFF.owl#pet22a> .
<http://www.csiro.au/sensorweb/seff/SEFF.owl#FlowForecasting_15> 	 <http://www.csiro.au/sensorweb/seff/SEFF.owl#lee270> .
<http://www.csiro.au/sensorweb/seff/SEFF.owl#FlowForecasting_16> 	 <http://www.csiro.au/sensorweb/seff/SEFF.owl#lee270> .
<http://www.csiro.au/sensorweb/seff/SEFF.owl#FlowForecasting_17> 	 <http://www.csiro.au/sensorweb/seff/SEFF.owl#lee270> .
<http://www.csiro.au/sensorweb/seff/SEFF.owl#FlowForecasting_18> 	 <http://www.csiro.au/sensorweb/seff/SEFF.owl#lee270> .
<http://www.csiro.au/sensorweb/seff/SEFF.owl#FlowForecasting_19> 	 <http://www.csiro.au/sensorweb/seff/SEFF.owl#lee270> .
<http://www.csiro.au/sensorweb/seff/SEFF.owl#FlowForecasting_20> 	 <http://www.csiro.au/sensorweb/seff/SEFF.owl#lee270> .
<http://www.csiro.au/sensorweb/seff/SEFF.owl#FlowForecasting_21> 	 <http://www.csiro.au/sensorweb/seff/SEFF.owl#lee270> .
<http://www.csiro.au/sensorweb/seff/SEFF.owl#FlowForecasting_22> 	 <http://www.csiro.au/sensorweb/seff/SEFF.owl#lee270> .
<http://www.csiro.au/sensorweb/seff/SEFF.owl#FlowForecasting_5> 	 <http://www.csiro.au/sensorweb/seff/SEFF.owl#lee270> .
<http://www.csiro.au/sensorweb/seff/SEFF.owl#FlowForecasting_23> 	 <http://www.csiro.au/sensorweb/seff/SEFF.owl#lee270> .
<http://www.csiro.au/sensorweb/seff/SEFF.owl#FlowForecasting_24> 	 <http://www.csiro.au/sensorweb/seff/SEFF.owl#lee270> .
<http://www.csiro.au/sensorweb/seff/SEFF.owl#FlowForecasting_25> 	 <http://www.csiro.au/sensorweb/seff/SEFF.owl#lee270> .
<http://www.csiro.au/sensorweb/seff/SEFF.owl#FlowForecasting_26> 	 <http://www.csiro.au/sensorweb/seff/SEFF.owl#lee270> .
<http://www.csiro.au/sensorweb/seff/SEFF.owl#FlowForecasting_27> 	 <http://www.csiro.au/sensorweb/seff/SEFF.owl#lee270> .
<http://www.csiro.au/sensorweb/seff/SEFF.owl#FlowForecasting_28> 	 <http://www.csiro.au/sensorweb/seff/SEFF.owl#lee270> .
<http://www.csiro.au/sensorweb/seff/SEFF.owl#FlowForecasting_29> 	 <http://www.csiro.au/sensorweb/seff/SEFF.owl#lee270> .
<http://www.csiro.au/sensorweb/seff/SEFF.owl#FlowForecasting_30> 	 <http://www.csiro.au/sensorweb/seff/SEFF.owl#lee270> .
<http://www.csiro.au/sensorweb/seff/SEFF.owl#FlowForecasting_31> 	 <http://www.csiro.au/sensorweb/seff/SEFF.owl#lee270> .
<http://www.csiro.au/sensorweb/seff/SEFF.owl#FlowForecasting_32> 	 <http://www.csiro.au/sensorweb/seff/SEFF.owl#lee270> .
<http://www.csiro.au/sensorweb/seff/SEFF.owl#FlowForecasting_6> 	 <http://www.csiro.au/sensorweb/seff/SEFF.owl#lee270> .
<http://www.csiro.au/sensorweb/seff/SEFF.owl#FlowForecasting_33> 	 <http://www.csiro.au/sensorweb/seff/SEFF.owl#lee270> .
<http://www.csiro.au/sensorweb/seff/SEFF.owl#FlowForecasting_34> 	 <http://www.csiro.au/sensorweb/seff/SEFF.owl#lee270> .
<http://www.csiro.au/sensorweb/seff/SEFF.owl#FlowForecasting_35> 	 <http://www.csiro.au/sensorweb/seff/SEFF.owl#lee270> .
<http://www.csiro.au/sensorweb/seff/SEFF.owl#FlowForecasting_36> 	 <http://www.csiro.au/sensorweb/seff/SEFF.owl#lee270> .
<http://www.csiro.au/sensorweb/seff/SEFF.owl#FlowForecasting_37> 	 <http://www.csiro.au/sensorweb/seff/SEFF.owl#lee270> .
<http://www.csiro.au/sensorweb/seff/SEFF.owl#FlowForecasting_38> 	 <http://www.csiro.au/sensorweb/seff/SEFF.owl#lee270> .
<http://www.csiro.au/sensorweb/seff/SEFF.owl#FlowForecasting_39> 	 <http://www.csiro.au/sensorweb/seff/SEFF.owl#lee270> .
<http://www.csiro.au/sensorweb/seff/SEFF.owl#FlowForecasting_40> 	 <http://www.csiro.au/sensorweb/seff/SEFF.owl#lee270> .
<http://www.csiro.au/sensorweb/seff/SEFF.owl#FlowForecasting_41> 	 <http://www.csiro.au/sensorweb/seff/SEFF.owl#lee270> .
<http://www.csiro.au/sensorweb/seff/SEFF.owl#FlowForecasting_42> 	 <http://www.csiro.au/sensorweb/seff/SEFF.owl#lee270> .
<http://www.csiro.au/sensorweb/seff/SEFF.owl#FlowForecasting_43> 	 <http://www.csiro.au/sensorweb/seff/SEFF.owl#lee270> .
<http://www.csiro.au/sensorweb/seff/SEFF.owl#FlowForecasting_7> 	 <http://www.csiro.au/sensorweb/seff/SEFF.owl#lee270> .
<http://www.csiro.au/sensorweb/seff/SEFF.owl#FlowForecasting_53> 	 <http://www.csiro.au/sensorweb/seff/SEFF.owl#lee270> .
<http://www.csiro.au/sensorweb/seff/SEFF.owl#FlowForecasting_47> 	 <http://www.csiro.au/sensorweb/seff/SEFF.owl#lee270> .
<http://www.csiro.au/sensorweb/seff/SEFF.owl#FlowForecasting_48> 	 <http://www.csiro.au/sensorweb/seff/SEFF.owl#lee270> .
<http://www.csiro.au/sensorweb/seff/SEFF.owl#FlowForecasting_49> 	 <http://www.csiro.au/sensorweb/seff/SEFF.owl#lee270> .
<http://www.csiro.au/sensorweb/seff/SEFF.owl#FlowForecasting_50> 	 <http://www.csiro.au/sensorweb/seff/SEFF.owl#lee270> .
<http://www.csiro.au/sensorweb/seff/SEFF.owl#FlowForecasting_51> 	 <http://www.csiro.au/sensorweb/seff/SEFF.owl#lee270> .
<http://www.csiro.au/sensorweb/seff/SEFF.owl#FlowForecasting_52> 	 <http://www.csiro.au/sensorweb/seff/SEFF.owl#lee270> .
<http://www.csiro.au/sensorweb/seff/SEFF.owl#FlowForecasting_8> 	 <http://www.csiro.au/sensorweb/seff/SEFF.owl#lee270> .
<http://www.csiro.au/sensorweb/seff/SEFF.owl#FlowForecasting_54> 	 <http://www.csiro.au/sensorweb/seff/SEFF.owl#lee270> .
<http://www.csiro.au/sensorweb/seff/SEFF.owl#FlowForecasting_55> 	 <http://www.csiro.au/sensorweb/seff/SEFF.owl#lee270> .
<http://www.csiro.au/sensorweb/seff/SEFF.owl#FlowForecasting_56> 	 <http://www.csiro.au/sensorweb/seff/SEFF.owl#lee270> .
<http://www.csiro.au/sensorweb/seff/SEFF.owl#FlowForecasting_57> 	 <http://www.csiro.au/sensorweb/seff/SEFF.owl#lee270> .
<http://www.csiro.au/sensorweb/seff/SEFF.owl#FlowForecasting_58> 	 <http://www.csiro.au/sensorweb/seff/SEFF.owl#lee270> .
<http://www.csiro.au/sensorweb/seff/SEFF.owl#FlowForecasting_59> 	 <http://www.csiro.au/sensorweb/seff/SEFF.owl#lee270> .
<http://www.csiro.au/sensorweb/seff/SEFF.owl#FlowForecasting_60> 	 <http://www.csiro.au/sensorweb/seff/SEFF.owl#lee270> .
<http://www.csiro.au/sensorweb/seff/SEFF.owl#FlowForecasting_61> 	 <http://www.csiro.au/sensorweb/seff/SEFF.owl#lee270> .
<http://www.csiro.au/sensorweb/seff/SEFF.owl#FlowForecasting_62> 	 <http://www.csiro.au/sensorweb/seff/SEFF.owl#lee270> .
<http://www.csiro.au/sensorweb/seff/SEFF.owl#FlowForecasting_9> 	 <http://www.csiro.au/sensorweb/seff/SEFF.owl#lee270> .
<http://www.csiro.au/sensorweb/seff/SEFF.owl#FlowForecasting_64> 	 <http://www.csiro.au/sensorweb/seff/SEFF.owl#lee270> .
<http://www.csiro.au/sensorweb/seff/SEFF.owl#FlowForecasting_63> 	 <http://www.csiro.au/sensorweb/seff/SEFF.owl#lee270> .
<http://www.csiro.au/sensorweb/seff/SEFF.owl#FlowForecasting_65> 	 <http://www.csiro.au/sensorweb/seff/SEFF.owl#lee270> .
<http://www.csiro.au/sensorweb/seff/SEFF.owl#FlowForecasting_66> 	 <http://www.csiro.au/sensorweb/seff/SEFF.owl#lee270> .
<http://www.csiro.au/sensorweb/seff/SEFF.owl#FlowForecasting_67> 	 <http://www.csiro.au/sensorweb/seff/SEFF.owl#lee270> .
<http://www.csiro.au/sensorweb/seff/SEFF.owl#FlowForecasting_68> 	 <http://www.csiro.au/sensorweb/seff/SEFF.owl#lee270> .
<http://www.csiro.au/sensorweb/seff/SEFF.owl#FlowForecasting_69> 	 <http://www.csiro.au/sensorweb/seff/SEFF.owl#lee270> .
<http://www.csiro.au/sensorweb/seff/SEFF.owl#FlowForecasting_71> 	 <http://www.csiro.au/sensorweb/seff/SEFF.owl#lee270> .
<http://www.csiro.au/sensorweb/seff/SEFF.owl#FlowForecasting_73> 	 <http://www.csiro.au/sensorweb/seff/SEFF.owl#lee270> .
<http://www.csiro.au/sensorweb/seff/SEFF.owl#FlowForecasting_75> 	 <http://www.csiro.au/sensorweb/seff/SEFF.owl#lee270> .
<http://www.csiro.au/sensorweb/seff/SEFF.owl#FlowForecasting_70> 	 <http://www.csiro.au/sensorweb/seff/SEFF.owl#lee270> .
<http://www.csiro.au/sensorweb/seff/SEFF.owl#FlowForecasting_72> 	 <http://www.csiro.au/sensorweb/seff/SEFF.owl#lee270> .
<http://www.csiro.au/sensorweb/seff/SEFF.owl#FlowForecasting_10> 	 <http://www.csiro.au/sensorweb/seff/SEFF.owl#lee270> .
<http://www.csiro.au/sensorweb/seff/SEFF.owl#FlowForecasting_74> 	 <http://www.csiro.au/sensorweb/seff/SEFF.owl#lee270> .
<http://www.csiro.au/sensorweb/seff/SEFF.owl#FlowForecasting_76> 	 <http://www.csiro.au/sensorweb/seff/SEFF.owl#lee270> .
<http://www.csiro.au/sensorweb/seff/SEFF.owl#FlowForecasting_77> 	 <http://www.csiro.au/sensorweb/seff/SEFF.owl#lee270> .
<http://www.csiro.au/sensorweb/seff/SEFF.owl#FlowForecasting_78> 	 <http://www.csiro.au/sensorweb/seff/SEFF.owl#lee270> .
<http://www.csiro.au/sensorweb/seff/SEFF.owl#FlowForecasting_79> 	 <http://www.csiro.au/sensorweb/seff/SEFF.owl#lee270> .
<http://www.csiro.au/sensorweb/seff/SEFF.owl#FlowForecasting_81> 	 <http://www.csiro.au/sensorweb/seff/SEFF.owl#lee270> .
<http://www.csiro.au/sensorweb/seff/SEFF.owl#FlowForecasting_83> 	 <http://www.csiro.au/sensorweb/seff/SEFF.owl#lee270> .
<http://www.csiro.au/sensorweb/seff/SEFF.owl#FlowForecasting_85> 	 <http://www.csiro.au/sensorweb/seff/SEFF.owl#lee270> .
<http://www.csiro.au/sensorweb/seff/SEFF.owl#FlowForecasting_87> 	 <http://www.csiro.au/sensorweb/seff/SEFF.owl#lee270> .
<http://www.csiro.au/sensorweb/seff/SEFF.owl#FlowForecasting_80> 	 <http://www.csiro.au/sensorweb/seff/SEFF.owl#lee270> .
<http://www.csiro.au/sensorweb/seff/SEFF.owl#FlowForecasting_82> 	 <http://www.csiro.au/sensorweb/seff/SEFF.owl#lee270> .
<http://www.csiro.au/sensorweb/seff/SEFF.owl#FlowForecasting_11> 	 <http://www.csiro.au/sensorweb/seff/SEFF.owl#lee270> .
<http://www.csiro.au/sensorweb/seff/SEFF.owl#FlowForecasting_84> 	 <http://www.csiro.au/sensorweb/seff/SEFF.owl#lee270> .
<http://www.csiro.au/sensorweb/seff/SEFF.owl#FlowForecasting_86> 	 <http://www.csiro.au/sensorweb/seff/SEFF.owl#lee270> .
<http://www.csiro.au/sensorweb/seff/SEFF.owl#FlowForecasting_88> 	 <http://www.csiro.au/sensorweb/seff/SEFF.owl#lee270> .
<http://www.csiro.au/sensorweb/seff/SEFF.owl#FlowForecasting_89> 	 <http://www.csiro.au/sensorweb/seff/SEFF.owl#lee270> .
<http://www.csiro.au/sensorweb/seff/SEFF.owl#FlowForecasting_91> 	 <http://www.csiro.au/sensorweb/seff/SEFF.owl#lee270> .
<http://www.csiro.au/sensorweb/seff/SEFF.owl#FlowForecasting_93> 	 <http://www.csiro.au/sensorweb/seff/SEFF.owl#lee270> .
<http://www.csiro.au/sensorweb/seff/SEFF.owl#FlowForecasting_95> 	 <http://www.csiro.au/sensorweb/seff/SEFF.owl#lee270> .
<http://www.csiro.au/sensorweb/seff/SEFF.owl#FlowForecasting_97> 	 <http://www.csiro.au/sensorweb/seff/SEFF.owl#lee270> .
<http://www.csiro.au/sensorweb/seff/SEFF.owl#FlowForecasting_99> 	 <http://www.csiro.au/sensorweb/seff/SEFF.owl#lee270> .
<http://www.csiro.au/sensorweb/seff/SEFF.owl#FlowForecasting_90> 	 <http://www.csiro.au/sensorweb/seff/SEFF.owl#lee270> .
<http://www.csiro.au/sensorweb/seff/SEFF.owl#FlowForecasting_12> 	 <http://www.csiro.au/sensorweb/seff/SEFF.owl#lee270> .
<http://www.csiro.au/sensorweb/seff/SEFF.owl#FlowForecasting_94> 	 <http://www.csiro.au/sensorweb/seff/SEFF.owl#lee270> .
<http://www.csiro.au/sensorweb/seff/SEFF.owl#FlowForecasting_96> 	 <http://www.csiro.au/sensorweb/seff/SEFF.owl#lee270> .
<http://www.csiro.au/sensorweb/seff/SEFF.owl#FlowForecasting_98> 	 <http://www.csiro.au/sensorweb/seff/SEFF.owl#lee270> .
<http://www.csiro.au/sensorweb/seff/SEFF.owl#FlowForecasting_100> 	 <http://www.csiro.au/sensorweb/seff/SEFF.owl#lee270> .
<http://www.csiro.au/sensorweb/seff/SEFF.owl#FlowForecasting_101> 	 <http://www.csiro.au/sensorweb/seff/SEFF.owl#lee270> .
<http://www.csiro.au/sensorweb/seff/SEFF.owl#FlowForecasting_102> 	 <http://www.csiro.au/sensorweb/seff/SEFF.owl#lee270> .
<http://www.csiro.au/sensorweb/seff/SEFF.owl#FlowForecasting_13> 	 <http://www.csiro.au/sensorweb/seff/SEFF.owl#lee270> .
