<file:///mnt/open-biomed-data/oxford/workspace/wf4ever/provenance-corpus/Taverna_repository/workflow_1052_version_1/run_1/workflowrun.prov.ttl#taverna-prov-export> 	 <file:///mnt/open-biomed-data/oxford/workspace/wf4ever/provenance-corpus/Taverna_repository/workflow_1052_version_1/run_1/workflowrun.prov.ttl#taverna-engine> .
<http://ns.taverna.org.uk/2011/run/97dc1a94-8639-476e-a6e6-9fe8abfacf56/> 	 <file:///mnt/open-biomed-data/oxford/workspace/wf4ever/provenance-corpus/Taverna_repository/workflow_1052_version_1/run_1/workflowrun.prov.ttl#taverna-engine> .
<file:///mnt/open-biomed-data/oxford/workspace/wf4ever/provenance-corpus/Taverna_repository/workflow_1055_version_1/run_1/workflowrun.prov.ttl#taverna-prov-export> 	 <file:///mnt/open-biomed-data/oxford/workspace/wf4ever/provenance-corpus/Taverna_repository/workflow_1055_version_1/run_1/workflowrun.prov.ttl#taverna-engine> .
<http://ns.taverna.org.uk/2011/run/3fdc7e2f-1714-42c3-a133-6b4054250124/> 	 <file:///mnt/open-biomed-data/oxford/workspace/wf4ever/provenance-corpus/Taverna_repository/workflow_1055_version_1/run_1/workflowrun.prov.ttl#taverna-engine> .
<file:///mnt/open-biomed-data/oxford/workspace/wf4ever/provenance-corpus/Taverna_repository/workflow_1120_version_3/run_1/workflowrun.prov.ttl#taverna-prov-export> 	 <file:///mnt/open-biomed-data/oxford/workspace/wf4ever/provenance-corpus/Taverna_repository/workflow_1120_version_3/run_1/workflowrun.prov.ttl#taverna-engine> .
<http://ns.taverna.org.uk/2011/run/92e51301-2274-4ee6-80a8-7c54d416972e/> 	 <file:///mnt/open-biomed-data/oxford/workspace/wf4ever/provenance-corpus/Taverna_repository/workflow_1120_version_3/run_1/workflowrun.prov.ttl#taverna-engine> .
<file:///mnt/open-biomed-data/oxford/workspace/wf4ever/provenance-corpus/Taverna_repository/workflow_1182_version_1/run_1/workflowrun.prov.ttl#taverna-prov-export> 	 <file:///mnt/open-biomed-data/oxford/workspace/wf4ever/provenance-corpus/Taverna_repository/workflow_1182_version_1/run_1/workflowrun.prov.ttl#taverna-engine> .
<http://ns.taverna.org.uk/2011/run/2345ed8c-8aa3-4f67-8ce8-7aceb6c1c901/> 	 <file:///mnt/open-biomed-data/oxford/workspace/wf4ever/provenance-corpus/Taverna_repository/workflow_1182_version_1/run_1/workflowrun.prov.ttl#taverna-engine> .
<file:///mnt/open-biomed-data/oxford/workspace/wf4ever/provenance-corpus/Taverna_repository/workflow_1363_version_1/run_1/workflowrun.prov.ttl#taverna-prov-export> 	 <file:///mnt/open-biomed-data/oxford/workspace/wf4ever/provenance-corpus/Taverna_repository/workflow_1363_version_1/run_1/workflowrun.prov.ttl#taverna-engine> .
<http://ns.taverna.org.uk/2011/run/351b74d1-3e93-4f3f-8360-435cfd0d913f/> 	 <file:///mnt/open-biomed-data/oxford/workspace/wf4ever/provenance-corpus/Taverna_repository/workflow_1363_version_1/run_1/workflowrun.prov.ttl#taverna-engine> .
<file:///mnt/open-biomed-data/oxford/workspace/wf4ever/provenance-corpus/Taverna_repository/workflow_1431_version_2/run_1/workflowrun.prov.ttl#taverna-prov-export> 	 <file:///mnt/open-biomed-data/oxford/workspace/wf4ever/provenance-corpus/Taverna_repository/workflow_1431_version_2/run_1/workflowrun.prov.ttl#taverna-engine> .
<http://ns.taverna.org.uk/2011/run/14d22cb1-8e3b-4bc5-a9c3-2da8e0936a21/> 	 <file:///mnt/open-biomed-data/oxford/workspace/wf4ever/provenance-corpus/Taverna_repository/workflow_1431_version_2/run_1/workflowrun.prov.ttl#taverna-engine> .
<file:///mnt/open-biomed-data/oxford/workspace/wf4ever/provenance-corpus/Taverna_repository/workflow_1433_version_2/run_1/workflowrun.prov.ttl#taverna-prov-export> 	 <file:///mnt/open-biomed-data/oxford/workspace/wf4ever/provenance-corpus/Taverna_repository/workflow_1433_version_2/run_1/workflowrun.prov.ttl#taverna-engine> .
<http://ns.taverna.org.uk/2011/run/392cc485-941c-4cae-bfc5-758d39c42647/> 	 <file:///mnt/open-biomed-data/oxford/workspace/wf4ever/provenance-corpus/Taverna_repository/workflow_1433_version_2/run_1/workflowrun.prov.ttl#taverna-engine> .
<file:///mnt/open-biomed-data/oxford/workspace/wf4ever/provenance-corpus/Taverna_repository/workflow_1433_version_2/run_2/workflowrun.prov.ttl#taverna-prov-export> 	 <file:///mnt/open-biomed-data/oxford/workspace/wf4ever/provenance-corpus/Taverna_repository/workflow_1433_version_2/run_2/workflowrun.prov.ttl#taverna-engine> .
<http://ns.taverna.org.uk/2011/run/f859c482-1414-4a35-9e0a-4b967e94f40d/> 	 <file:///mnt/open-biomed-data/oxford/workspace/wf4ever/provenance-corpus/Taverna_repository/workflow_1433_version_2/run_2/workflowrun.prov.ttl#taverna-engine> .
<file:///mnt/open-biomed-data/oxford/workspace/wf4ever/provenance-corpus/Taverna_repository/workflow_1433_version_2/run_3/workflowrun.prov.ttl#taverna-prov-export> 	 <file:///mnt/open-biomed-data/oxford/workspace/wf4ever/provenance-corpus/Taverna_repository/workflow_1433_version_2/run_3/workflowrun.prov.ttl#taverna-engine> .
<http://ns.taverna.org.uk/2011/run/aabd1c2b-24d1-4a5a-8f95-c72362b88ec9/> 	 <file:///mnt/open-biomed-data/oxford/workspace/wf4ever/provenance-corpus/Taverna_repository/workflow_1433_version_2/run_3/workflowrun.prov.ttl#taverna-engine> .
<file:///mnt/open-biomed-data/oxford/workspace/wf4ever/provenance-corpus/Taverna_repository/workflow_1434_version_2/run_1/workflowrun.prov.ttl#taverna-prov-export> 	 <file:///mnt/open-biomed-data/oxford/workspace/wf4ever/provenance-corpus/Taverna_repository/workflow_1434_version_2/run_1/workflowrun.prov.ttl#taverna-engine> .
<http://ns.taverna.org.uk/2011/run/846a5d53-66b6-44e5-a7dd-31a30b10ff6c/> 	 <file:///mnt/open-biomed-data/oxford/workspace/wf4ever/provenance-corpus/Taverna_repository/workflow_1434_version_2/run_1/workflowrun.prov.ttl#taverna-engine> .
<file:///mnt/open-biomed-data/oxford/workspace/wf4ever/provenance-corpus/Taverna_repository/workflow_1434_version_2/run_2/workflowrun.prov.ttl#taverna-prov-export> 	 <file:///mnt/open-biomed-data/oxford/workspace/wf4ever/provenance-corpus/Taverna_repository/workflow_1434_version_2/run_2/workflowrun.prov.ttl#taverna-engine> .
<http://ns.taverna.org.uk/2011/run/1529a870-5134-48a9-b53e-bbc57ef36faa/> 	 <file:///mnt/open-biomed-data/oxford/workspace/wf4ever/provenance-corpus/Taverna_repository/workflow_1434_version_2/run_2/workflowrun.prov.ttl#taverna-engine> .
<file:///mnt/open-biomed-data/oxford/workspace/wf4ever/provenance-corpus/Taverna_repository/workflow_1434_version_2/run_3/workflowrun.prov.ttl#taverna-prov-export> 	 <file:///mnt/open-biomed-data/oxford/workspace/wf4ever/provenance-corpus/Taverna_repository/workflow_1434_version_2/run_3/workflowrun.prov.ttl#taverna-engine> .
<http://ns.taverna.org.uk/2011/run/f4026b05-4d1c-458b-ae40-863fddbb1835/> 	 <file:///mnt/open-biomed-data/oxford/workspace/wf4ever/provenance-corpus/Taverna_repository/workflow_1434_version_2/run_3/workflowrun.prov.ttl#taverna-engine> .
<file:///mnt/open-biomed-data/oxford/workspace/wf4ever/provenance-corpus/Taverna_repository/workflow_1434_version_2/run_4/workflowrun.prov.ttl#taverna-prov-export> 	 <file:///mnt/open-biomed-data/oxford/workspace/wf4ever/provenance-corpus/Taverna_repository/workflow_1434_version_2/run_4/workflowrun.prov.ttl#taverna-engine> .
<http://ns.taverna.org.uk/2011/run/d1ea217f-07f2-4d89-96fa-4d81163c07e6/> 	 <file:///mnt/open-biomed-data/oxford/workspace/wf4ever/provenance-corpus/Taverna_repository/workflow_1434_version_2/run_4/workflowrun.prov.ttl#taverna-engine> .
<file:///mnt/open-biomed-data/oxford/workspace/wf4ever/provenance-corpus/Taverna_repository/workflow_1435_version_2/run_1/workflowrun.prov.ttl#taverna-prov-export> 	 <file:///mnt/open-biomed-data/oxford/workspace/wf4ever/provenance-corpus/Taverna_repository/workflow_1435_version_2/run_1/workflowrun.prov.ttl#taverna-engine> .
<http://ns.taverna.org.uk/2011/run/e516a9da-83a2-4d2a-a0b5-a5777ae23c81/> 	 <file:///mnt/open-biomed-data/oxford/workspace/wf4ever/provenance-corpus/Taverna_repository/workflow_1435_version_2/run_1/workflowrun.prov.ttl#taverna-engine> .
<file:///mnt/open-biomed-data/oxford/workspace/wf4ever/provenance-corpus/Taverna_repository/workflow_1435_version_2/run_2/workflowrun.prov.ttl#taverna-prov-export> 	 <file:///mnt/open-biomed-data/oxford/workspace/wf4ever/provenance-corpus/Taverna_repository/workflow_1435_version_2/run_2/workflowrun.prov.ttl#taverna-engine> .
<http://ns.taverna.org.uk/2011/run/9edf05c3-6ca3-4b9c-b62a-5d337a90e114/> 	 <file:///mnt/open-biomed-data/oxford/workspace/wf4ever/provenance-corpus/Taverna_repository/workflow_1435_version_2/run_2/workflowrun.prov.ttl#taverna-engine> .
<file:///mnt/open-biomed-data/oxford/workspace/wf4ever/provenance-corpus/Taverna_repository/workflow_1435_version_2/run_3/workflowrun.prov.ttl#taverna-prov-export> 	 <file:///mnt/open-biomed-data/oxford/workspace/wf4ever/provenance-corpus/Taverna_repository/workflow_1435_version_2/run_3/workflowrun.prov.ttl#taverna-engine> .
<http://ns.taverna.org.uk/2011/run/73746ae6-3e28-4c11-95c7-a2c2fa6b0aa0/> 	 <file:///mnt/open-biomed-data/oxford/workspace/wf4ever/provenance-corpus/Taverna_repository/workflow_1435_version_2/run_3/workflowrun.prov.ttl#taverna-engine> .
<file:///mnt/open-biomed-data/oxford/workspace/wf4ever/provenance-corpus/Taverna_repository/workflow_1467_version_2/run_1/workflowrun.prov.ttl#taverna-prov-export> 	 <file:///mnt/open-biomed-data/oxford/workspace/wf4ever/provenance-corpus/Taverna_repository/workflow_1467_version_2/run_1/workflowrun.prov.ttl#taverna-engine> .
<http://ns.taverna.org.uk/2011/run/78c270e9-3abb-4cf0-b7dd-0cea96bfad87/> 	 <file:///mnt/open-biomed-data/oxford/workspace/wf4ever/provenance-corpus/Taverna_repository/workflow_1467_version_2/run_1/workflowrun.prov.ttl#taverna-engine> .
<file:///mnt/open-biomed-data/oxford/workspace/wf4ever/provenance-corpus/Taverna_repository/workflow_1467_version_2/run_2/workflowrun.prov.ttl#taverna-prov-export> 	 <file:///mnt/open-biomed-data/oxford/workspace/wf4ever/provenance-corpus/Taverna_repository/workflow_1467_version_2/run_2/workflowrun.prov.ttl#taverna-engine> .
<http://ns.taverna.org.uk/2011/run/620d7102-bfca-46a4-a72a-af4998ec745f/> 	 <file:///mnt/open-biomed-data/oxford/workspace/wf4ever/provenance-corpus/Taverna_repository/workflow_1467_version_2/run_2/workflowrun.prov.ttl#taverna-engine> .
<file:///mnt/open-biomed-data/oxford/workspace/wf4ever/provenance-corpus/Taverna_repository/workflow_1467_version_2/run_3/workflowrun.prov.ttl#taverna-prov-export> 	 <file:///mnt/open-biomed-data/oxford/workspace/wf4ever/provenance-corpus/Taverna_repository/workflow_1467_version_2/run_3/workflowrun.prov.ttl#taverna-engine> .
<http://ns.taverna.org.uk/2011/run/53a5dd1a-4cc9-4806-bba6-05dff2a5ecdf/> 	 <file:///mnt/open-biomed-data/oxford/workspace/wf4ever/provenance-corpus/Taverna_repository/workflow_1467_version_2/run_3/workflowrun.prov.ttl#taverna-engine> .
<file:///mnt/open-biomed-data/oxford/workspace/wf4ever/provenance-corpus/Taverna_repository/workflow_1510_version_1/run_1/workflowrun.prov.ttl#taverna-prov-export> 	 <file:///mnt/open-biomed-data/oxford/workspace/wf4ever/provenance-corpus/Taverna_repository/workflow_1510_version_1/run_1/workflowrun.prov.ttl#taverna-engine> .
<http://ns.taverna.org.uk/2011/run/cbc49cce-3c76-430a-a52e-21007fad45b9/> 	 <file:///mnt/open-biomed-data/oxford/workspace/wf4ever/provenance-corpus/Taverna_repository/workflow_1510_version_1/run_1/workflowrun.prov.ttl#taverna-engine> .
<file:///mnt/open-biomed-data/oxford/workspace/wf4ever/provenance-corpus/Taverna_repository/workflow_1652_version_1/run_1/workflowrun.prov.ttl#taverna-prov-export> 	 <file:///mnt/open-biomed-data/oxford/workspace/wf4ever/provenance-corpus/Taverna_repository/workflow_1652_version_1/run_1/workflowrun.prov.ttl#taverna-engine> .
<http://ns.taverna.org.uk/2011/run/7bef3d37-c152-4f1b-a3e2-66cc8b9b8156/> 	 <file:///mnt/open-biomed-data/oxford/workspace/wf4ever/provenance-corpus/Taverna_repository/workflow_1652_version_1/run_1/workflowrun.prov.ttl#taverna-engine> .
<file:///mnt/open-biomed-data/oxford/workspace/wf4ever/provenance-corpus/Taverna_repository/workflow_1833_version_1/run_1/workflowrun.prov.ttl#taverna-prov-export> 	 <file:///mnt/open-biomed-data/oxford/workspace/wf4ever/provenance-corpus/Taverna_repository/workflow_1833_version_1/run_1/workflowrun.prov.ttl#taverna-engine> .
<http://ns.taverna.org.uk/2011/run/9a816c93-fe28-41b7-b352-6a3de3a98588/> 	 <file:///mnt/open-biomed-data/oxford/workspace/wf4ever/provenance-corpus/Taverna_repository/workflow_1833_version_1/run_1/workflowrun.prov.ttl#taverna-engine> .
<file:///mnt/open-biomed-data/oxford/workspace/wf4ever/provenance-corpus/Taverna_repository/workflow_1833_version_1/run_2/workflowrun.prov.ttl#taverna-prov-export> 	 <file:///mnt/open-biomed-data/oxford/workspace/wf4ever/provenance-corpus/Taverna_repository/workflow_1833_version_1/run_2/workflowrun.prov.ttl#taverna-engine> .
<http://ns.taverna.org.uk/2011/run/9cfe4867-e375-4928-9430-6da844b0be51/> 	 <file:///mnt/open-biomed-data/oxford/workspace/wf4ever/provenance-corpus/Taverna_repository/workflow_1833_version_1/run_2/workflowrun.prov.ttl#taverna-engine> .
<file:///mnt/open-biomed-data/oxford/workspace/wf4ever/provenance-corpus/Taverna_repository/workflow_1833_version_1/run_3/workflowrun.prov.ttl#taverna-prov-export> 	 <file:///mnt/open-biomed-data/oxford/workspace/wf4ever/provenance-corpus/Taverna_repository/workflow_1833_version_1/run_3/workflowrun.prov.ttl#taverna-engine> .
<http://ns.taverna.org.uk/2011/run/3b1ab099-552c-4d88-a9f0-308ac14aeb7c/> 	 <file:///mnt/open-biomed-data/oxford/workspace/wf4ever/provenance-corpus/Taverna_repository/workflow_1833_version_1/run_3/workflowrun.prov.ttl#taverna-engine> .
<file:///mnt/open-biomed-data/oxford/workspace/wf4ever/provenance-corpus/Taverna_repository/workflow_2092_version_1/run_1/workflowrun.prov.ttl#taverna-prov-export> 	 <file:///mnt/open-biomed-data/oxford/workspace/wf4ever/provenance-corpus/Taverna_repository/workflow_2092_version_1/run_1/workflowrun.prov.ttl#taverna-engine> .
<http://ns.taverna.org.uk/2011/run/b97c642c-0def-4dd6-bf0c-a5a013ccdf68/> 	 <file:///mnt/open-biomed-data/oxford/workspace/wf4ever/provenance-corpus/Taverna_repository/workflow_2092_version_1/run_1/workflowrun.prov.ttl#taverna-engine> .
<file:///mnt/open-biomed-data/oxford/workspace/wf4ever/provenance-corpus/Taverna_repository/workflow_2106_version_1/run_1/workflowrun.prov.ttl#taverna-prov-export> 	 <file:///mnt/open-biomed-data/oxford/workspace/wf4ever/provenance-corpus/Taverna_repository/workflow_2106_version_1/run_1/workflowrun.prov.ttl#taverna-engine> .
<http://ns.taverna.org.uk/2011/run/11b19c3e-020e-46c2-b52a-05dc8a74cc40/> 	 <file:///mnt/open-biomed-data/oxford/workspace/wf4ever/provenance-corpus/Taverna_repository/workflow_2106_version_1/run_1/workflowrun.prov.ttl#taverna-engine> .
<file:///mnt/open-biomed-data/oxford/workspace/wf4ever/provenance-corpus/Taverna_repository/workflow_2126_version_2/run_1/workflowrun.prov.ttl#taverna-prov-export> 	 <file:///mnt/open-biomed-data/oxford/workspace/wf4ever/provenance-corpus/Taverna_repository/workflow_2126_version_2/run_1/workflowrun.prov.ttl#taverna-engine> .
<http://ns.taverna.org.uk/2011/run/b41b7eb5-d1db-42ed-83e2-716b39c663f1/> 	 <file:///mnt/open-biomed-data/oxford/workspace/wf4ever/provenance-corpus/Taverna_repository/workflow_2126_version_2/run_1/workflowrun.prov.ttl#taverna-engine> .
<file:///mnt/open-biomed-data/oxford/workspace/wf4ever/provenance-corpus/Taverna_repository/workflow_2126_version_2/run_2/workflowrun.prov.ttl#taverna-prov-export> 	 <file:///mnt/open-biomed-data/oxford/workspace/wf4ever/provenance-corpus/Taverna_repository/workflow_2126_version_2/run_2/workflowrun.prov.ttl#taverna-engine> .
<http://ns.taverna.org.uk/2011/run/5af590d8-8ee6-4fef-b3d8-682794a989c6/> 	 <file:///mnt/open-biomed-data/oxford/workspace/wf4ever/provenance-corpus/Taverna_repository/workflow_2126_version_2/run_2/workflowrun.prov.ttl#taverna-engine> .
<file:///mnt/open-biomed-data/oxford/workspace/wf4ever/provenance-corpus/Taverna_repository/workflow_2139_version_1/run_1/workflowrun.prov.ttl#taverna-prov-export> 	 <file:///mnt/open-biomed-data/oxford/workspace/wf4ever/provenance-corpus/Taverna_repository/workflow_2139_version_1/run_1/workflowrun.prov.ttl#taverna-engine> .
<http://ns.taverna.org.uk/2011/run/80a6fd11-31ee-4662-960a-8f264d44da1d/> 	 <file:///mnt/open-biomed-data/oxford/workspace/wf4ever/provenance-corpus/Taverna_repository/workflow_2139_version_1/run_1/workflowrun.prov.ttl#taverna-engine> .
<file:///mnt/open-biomed-data/oxford/workspace/wf4ever/provenance-corpus/Taverna_repository/workflow_2181_version_3/run_1/workflowrun.prov.ttl#taverna-prov-export> 	 <file:///mnt/open-biomed-data/oxford/workspace/wf4ever/provenance-corpus/Taverna_repository/workflow_2181_version_3/run_1/workflowrun.prov.ttl#taverna-engine> .
<http://ns.taverna.org.uk/2011/run/818595cc-6ea9-4724-9782-95544066d5ce/> 	 <file:///mnt/open-biomed-data/oxford/workspace/wf4ever/provenance-corpus/Taverna_repository/workflow_2181_version_3/run_1/workflowrun.prov.ttl#taverna-engine> .
<file:///mnt/open-biomed-data/oxford/workspace/wf4ever/provenance-corpus/Taverna_repository/workflow_2181_version_3/run_2/workflowrun.prov.ttl#taverna-prov-export> 	 <file:///mnt/open-biomed-data/oxford/workspace/wf4ever/provenance-corpus/Taverna_repository/workflow_2181_version_3/run_2/workflowrun.prov.ttl#taverna-engine> .
<http://ns.taverna.org.uk/2011/run/1a16aac0-b51c-4145-8391-049604a48543/> 	 <file:///mnt/open-biomed-data/oxford/workspace/wf4ever/provenance-corpus/Taverna_repository/workflow_2181_version_3/run_2/workflowrun.prov.ttl#taverna-engine> .
<file:///mnt/open-biomed-data/oxford/workspace/wf4ever/provenance-corpus/Taverna_repository/workflow_2212_version_3/run_1/workflowrun.prov.ttl#taverna-prov-export> 	 <file:///mnt/open-biomed-data/oxford/workspace/wf4ever/provenance-corpus/Taverna_repository/workflow_2212_version_3/run_1/workflowrun.prov.ttl#taverna-engine> .
<http://ns.taverna.org.uk/2011/run/ea8d8320-56fe-4469-bdc7-a897deb71c27/> 	 <file:///mnt/open-biomed-data/oxford/workspace/wf4ever/provenance-corpus/Taverna_repository/workflow_2212_version_3/run_1/workflowrun.prov.ttl#taverna-engine> .
<file:///mnt/open-biomed-data/oxford/workspace/wf4ever/provenance-corpus/Taverna_repository/workflow_2227_version_1/run_1/workflowrun.prov.ttl#taverna-prov-export> 	 <file:///mnt/open-biomed-data/oxford/workspace/wf4ever/provenance-corpus/Taverna_repository/workflow_2227_version_1/run_1/workflowrun.prov.ttl#taverna-engine> .
<http://ns.taverna.org.uk/2011/run/21e14d92-a205-4d34-9df4-ef3686e33c27/> 	 <file:///mnt/open-biomed-data/oxford/workspace/wf4ever/provenance-corpus/Taverna_repository/workflow_2227_version_1/run_1/workflowrun.prov.ttl#taverna-engine> .
<file:///mnt/open-biomed-data/oxford/workspace/wf4ever/provenance-corpus/Taverna_repository/workflow_2228_version_1/run_1/workflowrun.prov.ttl#taverna-prov-export> 	 <file:///mnt/open-biomed-data/oxford/workspace/wf4ever/provenance-corpus/Taverna_repository/workflow_2228_version_1/run_1/workflowrun.prov.ttl#taverna-engine> .
<http://ns.taverna.org.uk/2011/run/c9571d54-4195-41d6-bf27-cc52464b4fda/> 	 <file:///mnt/open-biomed-data/oxford/workspace/wf4ever/provenance-corpus/Taverna_repository/workflow_2228_version_1/run_1/workflowrun.prov.ttl#taverna-engine> .
<file:///mnt/open-biomed-data/oxford/workspace/wf4ever/provenance-corpus/Taverna_repository/workflow_2258_version_2/run_1/workflowrun.prov.ttl#taverna-prov-export> 	 <file:///mnt/open-biomed-data/oxford/workspace/wf4ever/provenance-corpus/Taverna_repository/workflow_2258_version_2/run_1/workflowrun.prov.ttl#taverna-engine> .
<http://ns.taverna.org.uk/2011/run/dff0ae82-b716-4dfd-bad8-da94df37d1e2/> 	 <file:///mnt/open-biomed-data/oxford/workspace/wf4ever/provenance-corpus/Taverna_repository/workflow_2258_version_2/run_1/workflowrun.prov.ttl#taverna-engine> .
<file:///mnt/open-biomed-data/oxford/workspace/wf4ever/provenance-corpus/Taverna_repository/workflow_2258_version_2/run_2/workflowrun.prov.ttl#taverna-prov-export> 	 <file:///mnt/open-biomed-data/oxford/workspace/wf4ever/provenance-corpus/Taverna_repository/workflow_2258_version_2/run_2/workflowrun.prov.ttl#taverna-engine> .
<http://ns.taverna.org.uk/2011/run/2db272db-f2eb-4a27-b5d8-003a1c13c6b0/> 	 <file:///mnt/open-biomed-data/oxford/workspace/wf4ever/provenance-corpus/Taverna_repository/workflow_2258_version_2/run_2/workflowrun.prov.ttl#taverna-engine> .
<file:///mnt/open-biomed-data/oxford/workspace/wf4ever/provenance-corpus/Taverna_repository/workflow_2258_version_2/run_3/workflowrun.prov.ttl#taverna-prov-export> 	 <file:///mnt/open-biomed-data/oxford/workspace/wf4ever/provenance-corpus/Taverna_repository/workflow_2258_version_2/run_3/workflowrun.prov.ttl#taverna-engine> .
<http://ns.taverna.org.uk/2011/run/1e1c0326-e331-41ed-900e-3238b737d065/> 	 <file:///mnt/open-biomed-data/oxford/workspace/wf4ever/provenance-corpus/Taverna_repository/workflow_2258_version_2/run_3/workflowrun.prov.ttl#taverna-engine> .
<file:///mnt/open-biomed-data/oxford/workspace/wf4ever/provenance-corpus/Taverna_repository/workflow_2258_version_2/run_4/workflowrun.prov.ttl#taverna-prov-export> 	 <file:///mnt/open-biomed-data/oxford/workspace/wf4ever/provenance-corpus/Taverna_repository/workflow_2258_version_2/run_4/workflowrun.prov.ttl#taverna-engine> .
<http://ns.taverna.org.uk/2011/run/bd29322a-6500-4082-be15-307b1c0d0264/> 	 <file:///mnt/open-biomed-data/oxford/workspace/wf4ever/provenance-corpus/Taverna_repository/workflow_2258_version_2/run_4/workflowrun.prov.ttl#taverna-engine> .
<file:///mnt/open-biomed-data/oxford/workspace/wf4ever/provenance-corpus/Taverna_repository/workflow_2258_version_2/run_5/workflowrun.prov.ttl#taverna-prov-export> 	 <file:///mnt/open-biomed-data/oxford/workspace/wf4ever/provenance-corpus/Taverna_repository/workflow_2258_version_2/run_5/workflowrun.prov.ttl#taverna-engine> .
<http://ns.taverna.org.uk/2011/run/f7f456b0-aebb-423c-8018-b75731dc6fe9/> 	 <file:///mnt/open-biomed-data/oxford/workspace/wf4ever/provenance-corpus/Taverna_repository/workflow_2258_version_2/run_5/workflowrun.prov.ttl#taverna-engine> .
<file:///mnt/open-biomed-data/oxford/workspace/wf4ever/provenance-corpus/Taverna_repository/workflow_2279_version_1/run_1/workflowrun.prov.ttl#taverna-prov-export> 	 <file:///mnt/open-biomed-data/oxford/workspace/wf4ever/provenance-corpus/Taverna_repository/workflow_2279_version_1/run_1/workflowrun.prov.ttl#taverna-engine> .
<http://ns.taverna.org.uk/2011/run/161cb0ec-eb0f-4e2a-b38d-4403f69930e6/> 	 <file:///mnt/open-biomed-data/oxford/workspace/wf4ever/provenance-corpus/Taverna_repository/workflow_2279_version_1/run_1/workflowrun.prov.ttl#taverna-engine> .
<file:///mnt/open-biomed-data/oxford/workspace/wf4ever/provenance-corpus/Taverna_repository/workflow_2381_version_1/run_1/workflowrun.prov.ttl#taverna-prov-export> 	 <file:///mnt/open-biomed-data/oxford/workspace/wf4ever/provenance-corpus/Taverna_repository/workflow_2381_version_1/run_1/workflowrun.prov.ttl#taverna-engine> .
<http://ns.taverna.org.uk/2011/run/6a72fb83-316b-4463-8126-1c026ec664e3/> 	 <file:///mnt/open-biomed-data/oxford/workspace/wf4ever/provenance-corpus/Taverna_repository/workflow_2381_version_1/run_1/workflowrun.prov.ttl#taverna-engine> .
<file:///mnt/open-biomed-data/oxford/workspace/wf4ever/provenance-corpus/Taverna_repository/workflow_2445_version_1/run_1/workflowrun.prov.ttl#taverna-prov-export> 	 <file:///mnt/open-biomed-data/oxford/workspace/wf4ever/provenance-corpus/Taverna_repository/workflow_2445_version_1/run_1/workflowrun.prov.ttl#taverna-engine> .
<http://ns.taverna.org.uk/2011/run/43e1efd0-33fc-4954-b1eb-aba802d382a4/> 	 <file:///mnt/open-biomed-data/oxford/workspace/wf4ever/provenance-corpus/Taverna_repository/workflow_2445_version_1/run_1/workflowrun.prov.ttl#taverna-engine> .
<file:///mnt/open-biomed-data/oxford/workspace/wf4ever/provenance-corpus/Taverna_repository/workflow_2460_version_1/run_1/workflowrun.prov.ttl#taverna-prov-export> 	 <file:///mnt/open-biomed-data/oxford/workspace/wf4ever/provenance-corpus/Taverna_repository/workflow_2460_version_1/run_1/workflowrun.prov.ttl#taverna-engine> .
<http://ns.taverna.org.uk/2011/run/57f5f509-5dec-44c6-b65f-20b0e067d7b5/> 	 <file:///mnt/open-biomed-data/oxford/workspace/wf4ever/provenance-corpus/Taverna_repository/workflow_2460_version_1/run_1/workflowrun.prov.ttl#taverna-engine> .
<file:///mnt/open-biomed-data/oxford/workspace/wf4ever/provenance-corpus/Taverna_repository/workflow_2476_version_1/run_1/workflowrun.prov.ttl#taverna-prov-export> 	 <file:///mnt/open-biomed-data/oxford/workspace/wf4ever/provenance-corpus/Taverna_repository/workflow_2476_version_1/run_1/workflowrun.prov.ttl#taverna-engine> .
<http://ns.taverna.org.uk/2011/run/bfacec1b-8ae1-41d7-85d5-b6b0f77b0c3e/> 	 <file:///mnt/open-biomed-data/oxford/workspace/wf4ever/provenance-corpus/Taverna_repository/workflow_2476_version_1/run_1/workflowrun.prov.ttl#taverna-engine> .
<file:///mnt/open-biomed-data/oxford/workspace/wf4ever/provenance-corpus/Taverna_repository/workflow_2488_version_1/run_1/workflowrun.prov.ttl#taverna-prov-export> 	 <file:///mnt/open-biomed-data/oxford/workspace/wf4ever/provenance-corpus/Taverna_repository/workflow_2488_version_1/run_1/workflowrun.prov.ttl#taverna-engine> .
<http://ns.taverna.org.uk/2011/run/9baeb630-8da8-4b20-9d18-6bee02293aab/> 	 <file:///mnt/open-biomed-data/oxford/workspace/wf4ever/provenance-corpus/Taverna_repository/workflow_2488_version_1/run_1/workflowrun.prov.ttl#taverna-engine> .
<file:///mnt/open-biomed-data/oxford/workspace/wf4ever/provenance-corpus/Taverna_repository/workflow_2488_version_1/run_2/workflowrun.prov.ttl#taverna-prov-export> 	 <file:///mnt/open-biomed-data/oxford/workspace/wf4ever/provenance-corpus/Taverna_repository/workflow_2488_version_1/run_2/workflowrun.prov.ttl#taverna-engine> .
<http://ns.taverna.org.uk/2011/run/427c15a7-7b28-441b-9b9b-9eaeaa573f11/> 	 <file:///mnt/open-biomed-data/oxford/workspace/wf4ever/provenance-corpus/Taverna_repository/workflow_2488_version_1/run_2/workflowrun.prov.ttl#taverna-engine> .
<file:///mnt/open-biomed-data/oxford/workspace/wf4ever/provenance-corpus/Taverna_repository/workflow_2488_version_1/run_3/workflowrun.prov.ttl#taverna-prov-export> 	 <file:///mnt/open-biomed-data/oxford/workspace/wf4ever/provenance-corpus/Taverna_repository/workflow_2488_version_1/run_3/workflowrun.prov.ttl#taverna-engine> .
<http://ns.taverna.org.uk/2011/run/b2569e51-3885-4ba0-a03a-3c65b8fbb18b/> 	 <file:///mnt/open-biomed-data/oxford/workspace/wf4ever/provenance-corpus/Taverna_repository/workflow_2488_version_1/run_3/workflowrun.prov.ttl#taverna-engine> .
<file:///mnt/open-biomed-data/oxford/workspace/wf4ever/provenance-corpus/Taverna_repository/workflow_2488_version_1/run_4/workflowrun.prov.ttl#taverna-prov-export> 	 <file:///mnt/open-biomed-data/oxford/workspace/wf4ever/provenance-corpus/Taverna_repository/workflow_2488_version_1/run_4/workflowrun.prov.ttl#taverna-engine> .
<http://ns.taverna.org.uk/2011/run/0c58e7d0-6ecc-4610-b4cd-b5b4f336fbfd/> 	 <file:///mnt/open-biomed-data/oxford/workspace/wf4ever/provenance-corpus/Taverna_repository/workflow_2488_version_1/run_4/workflowrun.prov.ttl#taverna-engine> .
<file:///mnt/open-biomed-data/oxford/workspace/wf4ever/provenance-corpus/Taverna_repository/workflow_2488_version_1/run_5/workflowrun.prov.ttl#taverna-prov-export> 	 <file:///mnt/open-biomed-data/oxford/workspace/wf4ever/provenance-corpus/Taverna_repository/workflow_2488_version_1/run_5/workflowrun.prov.ttl#taverna-engine> .
<http://ns.taverna.org.uk/2011/run/fa68ccf6-3a88-4861-9722-ccd0650e818f/> 	 <file:///mnt/open-biomed-data/oxford/workspace/wf4ever/provenance-corpus/Taverna_repository/workflow_2488_version_1/run_5/workflowrun.prov.ttl#taverna-engine> .
<file:///mnt/open-biomed-data/oxford/workspace/wf4ever/provenance-corpus/Taverna_repository/workflow_2491_version_1/run_1/workflowrun.prov.ttl#taverna-prov-export> 	 <file:///mnt/open-biomed-data/oxford/workspace/wf4ever/provenance-corpus/Taverna_repository/workflow_2491_version_1/run_1/workflowrun.prov.ttl#taverna-engine> .
<http://ns.taverna.org.uk/2011/run/89db72b4-6f66-4a82-82c0-1ea1681d43d0/> 	 <file:///mnt/open-biomed-data/oxford/workspace/wf4ever/provenance-corpus/Taverna_repository/workflow_2491_version_1/run_1/workflowrun.prov.ttl#taverna-engine> .
<file:///mnt/open-biomed-data/oxford/workspace/wf4ever/provenance-corpus/Taverna_repository/workflow_2491_version_1/run_2/workflowrun.prov.ttl#taverna-prov-export> 	 <file:///mnt/open-biomed-data/oxford/workspace/wf4ever/provenance-corpus/Taverna_repository/workflow_2491_version_1/run_2/workflowrun.prov.ttl#taverna-engine> .
<http://ns.taverna.org.uk/2011/run/c3e7505c-3ca8-4b77-ad49-43282598316c/> 	 <file:///mnt/open-biomed-data/oxford/workspace/wf4ever/provenance-corpus/Taverna_repository/workflow_2491_version_1/run_2/workflowrun.prov.ttl#taverna-engine> .
<file:///mnt/open-biomed-data/oxford/workspace/wf4ever/provenance-corpus/Taverna_repository/workflow_2560_version_4/run_1/workflowrun.prov.ttl#taverna-prov-export> 	 <file:///mnt/open-biomed-data/oxford/workspace/wf4ever/provenance-corpus/Taverna_repository/workflow_2560_version_4/run_1/workflowrun.prov.ttl#taverna-engine> .
<http://ns.taverna.org.uk/2011/run/47b3727d-19fd-4c92-94e9-ddbe1a67e0a9/> 	 <file:///mnt/open-biomed-data/oxford/workspace/wf4ever/provenance-corpus/Taverna_repository/workflow_2560_version_4/run_1/workflowrun.prov.ttl#taverna-engine> .
<file:///mnt/open-biomed-data/oxford/workspace/wf4ever/provenance-corpus/Taverna_repository/workflow_2581_version_1/run_1/workflowrun.prov.ttl#taverna-prov-export> 	 <file:///mnt/open-biomed-data/oxford/workspace/wf4ever/provenance-corpus/Taverna_repository/workflow_2581_version_1/run_1/workflowrun.prov.ttl#taverna-engine> .
<http://ns.taverna.org.uk/2011/run/73211f34-be8f-4194-9d59-973a42c7da83/> 	 <file:///mnt/open-biomed-data/oxford/workspace/wf4ever/provenance-corpus/Taverna_repository/workflow_2581_version_1/run_1/workflowrun.prov.ttl#taverna-engine> .
<file:///mnt/open-biomed-data/oxford/workspace/wf4ever/provenance-corpus/Taverna_repository/workflow_2613_version_2/run_1/workflowrun.prov.ttl#taverna-prov-export> 	 <file:///mnt/open-biomed-data/oxford/workspace/wf4ever/provenance-corpus/Taverna_repository/workflow_2613_version_2/run_1/workflowrun.prov.ttl#taverna-engine> .
<http://ns.taverna.org.uk/2011/run/8c711c3e-1fa6-4027-8656-a695918e1f0c/> 	 <file:///mnt/open-biomed-data/oxford/workspace/wf4ever/provenance-corpus/Taverna_repository/workflow_2613_version_2/run_1/workflowrun.prov.ttl#taverna-engine> .
<file:///mnt/open-biomed-data/oxford/workspace/wf4ever/provenance-corpus/Taverna_repository/workflow_2614_version_2/run_1/workflowrun.prov.ttl#taverna-prov-export> 	 <file:///mnt/open-biomed-data/oxford/workspace/wf4ever/provenance-corpus/Taverna_repository/workflow_2614_version_2/run_1/workflowrun.prov.ttl#taverna-engine> .
<http://ns.taverna.org.uk/2011/run/8a7ae56c-90b3-4b2a-bac9-e4edac487765/> 	 <file:///mnt/open-biomed-data/oxford/workspace/wf4ever/provenance-corpus/Taverna_repository/workflow_2614_version_2/run_1/workflowrun.prov.ttl#taverna-engine> .
<file:///mnt/open-biomed-data/oxford/workspace/wf4ever/provenance-corpus/Taverna_repository/workflow_2615_version_1/run_1/workflowrun.prov.ttl#taverna-prov-export> 	 <file:///mnt/open-biomed-data/oxford/workspace/wf4ever/provenance-corpus/Taverna_repository/workflow_2615_version_1/run_1/workflowrun.prov.ttl#taverna-engine> .
<http://ns.taverna.org.uk/2011/run/2b331eaa-70d3-4cba-a6f5-6118a972b737/> 	 <file:///mnt/open-biomed-data/oxford/workspace/wf4ever/provenance-corpus/Taverna_repository/workflow_2615_version_1/run_1/workflowrun.prov.ttl#taverna-engine> .
<file:///mnt/open-biomed-data/oxford/workspace/wf4ever/provenance-corpus/Taverna_repository/workflow_2719_version_3/run_1/workflowrun.prov.ttl#taverna-prov-export> 	 <file:///mnt/open-biomed-data/oxford/workspace/wf4ever/provenance-corpus/Taverna_repository/workflow_2719_version_3/run_1/workflowrun.prov.ttl#taverna-engine> .
<http://ns.taverna.org.uk/2011/run/adbfb489-3c86-4527-b361-91e53ad16efd/> 	 <file:///mnt/open-biomed-data/oxford/workspace/wf4ever/provenance-corpus/Taverna_repository/workflow_2719_version_3/run_1/workflowrun.prov.ttl#taverna-engine> .
<file:///mnt/open-biomed-data/oxford/workspace/wf4ever/provenance-corpus/Taverna_repository/workflow_2759_version_2/run_1/workflowrun.prov.ttl#taverna-prov-export> 	 <file:///mnt/open-biomed-data/oxford/workspace/wf4ever/provenance-corpus/Taverna_repository/workflow_2759_version_2/run_1/workflowrun.prov.ttl#taverna-engine> .
<http://ns.taverna.org.uk/2011/run/4072f57a-5cd0-41e9-bc65-37bceccf3044/> 	 <file:///mnt/open-biomed-data/oxford/workspace/wf4ever/provenance-corpus/Taverna_repository/workflow_2759_version_2/run_1/workflowrun.prov.ttl#taverna-engine> .
<file:///mnt/open-biomed-data/oxford/workspace/wf4ever/provenance-corpus/Taverna_repository/workflow_2759_version_2/run_10/workflowrun.prov.ttl#taverna-prov-export> 	 <file:///mnt/open-biomed-data/oxford/workspace/wf4ever/provenance-corpus/Taverna_repository/workflow_2759_version_2/run_10/workflowrun.prov.ttl#taverna-engine> .
<http://ns.taverna.org.uk/2011/run/e193e8e9-2bab-43dc-aeb8-65d710872510/> 	 <file:///mnt/open-biomed-data/oxford/workspace/wf4ever/provenance-corpus/Taverna_repository/workflow_2759_version_2/run_10/workflowrun.prov.ttl#taverna-engine> .
<file:///mnt/open-biomed-data/oxford/workspace/wf4ever/provenance-corpus/Taverna_repository/workflow_2759_version_2/run_2/workflowrun.prov.ttl#taverna-prov-export> 	 <file:///mnt/open-biomed-data/oxford/workspace/wf4ever/provenance-corpus/Taverna_repository/workflow_2759_version_2/run_2/workflowrun.prov.ttl#taverna-engine> .
<http://ns.taverna.org.uk/2011/run/152805df-8034-4804-8b32-c2b0f0d82d26/> 	 <file:///mnt/open-biomed-data/oxford/workspace/wf4ever/provenance-corpus/Taverna_repository/workflow_2759_version_2/run_2/workflowrun.prov.ttl#taverna-engine> .
<file:///mnt/open-biomed-data/oxford/workspace/wf4ever/provenance-corpus/Taverna_repository/workflow_2759_version_2/run_3/workflowrun.prov.ttl#taverna-prov-export> 	 <file:///mnt/open-biomed-data/oxford/workspace/wf4ever/provenance-corpus/Taverna_repository/workflow_2759_version_2/run_3/workflowrun.prov.ttl#taverna-engine> .
<http://ns.taverna.org.uk/2011/run/1246f419-eb7c-44ca-bdc5-30648bc9baa3/> 	 <file:///mnt/open-biomed-data/oxford/workspace/wf4ever/provenance-corpus/Taverna_repository/workflow_2759_version_2/run_3/workflowrun.prov.ttl#taverna-engine> .
<file:///mnt/open-biomed-data/oxford/workspace/wf4ever/provenance-corpus/Taverna_repository/workflow_2759_version_2/run_4/workflowrun.prov.ttl#taverna-prov-export> 	 <file:///mnt/open-biomed-data/oxford/workspace/wf4ever/provenance-corpus/Taverna_repository/workflow_2759_version_2/run_4/workflowrun.prov.ttl#taverna-engine> .
<http://ns.taverna.org.uk/2011/run/b5cbe308-95cd-4853-8df3-bf7eab073b29/> 	 <file:///mnt/open-biomed-data/oxford/workspace/wf4ever/provenance-corpus/Taverna_repository/workflow_2759_version_2/run_4/workflowrun.prov.ttl#taverna-engine> .
<file:///mnt/open-biomed-data/oxford/workspace/wf4ever/provenance-corpus/Taverna_repository/workflow_2759_version_2/run_5/workflowrun.prov.ttl#taverna-prov-export> 	 <file:///mnt/open-biomed-data/oxford/workspace/wf4ever/provenance-corpus/Taverna_repository/workflow_2759_version_2/run_5/workflowrun.prov.ttl#taverna-engine> .
<http://ns.taverna.org.uk/2011/run/2a3cdd19-26ef-4e3d-a75e-576629048c60/> 	 <file:///mnt/open-biomed-data/oxford/workspace/wf4ever/provenance-corpus/Taverna_repository/workflow_2759_version_2/run_5/workflowrun.prov.ttl#taverna-engine> .
<file:///mnt/open-biomed-data/oxford/workspace/wf4ever/provenance-corpus/Taverna_repository/workflow_2759_version_2/run_6/workflowrun.prov.ttl#taverna-prov-export> 	 <file:///mnt/open-biomed-data/oxford/workspace/wf4ever/provenance-corpus/Taverna_repository/workflow_2759_version_2/run_6/workflowrun.prov.ttl#taverna-engine> .
<http://ns.taverna.org.uk/2011/run/69e0df34-55de-4c82-aa11-9d4567384424/> 	 <file:///mnt/open-biomed-data/oxford/workspace/wf4ever/provenance-corpus/Taverna_repository/workflow_2759_version_2/run_6/workflowrun.prov.ttl#taverna-engine> .
<file:///mnt/open-biomed-data/oxford/workspace/wf4ever/provenance-corpus/Taverna_repository/workflow_2759_version_2/run_7/workflowrun.prov.ttl#taverna-prov-export> 	 <file:///mnt/open-biomed-data/oxford/workspace/wf4ever/provenance-corpus/Taverna_repository/workflow_2759_version_2/run_7/workflowrun.prov.ttl#taverna-engine> .
<http://ns.taverna.org.uk/2011/run/0e19f189-3ae8-4ed8-a3a8-1ac49886c693/> 	 <file:///mnt/open-biomed-data/oxford/workspace/wf4ever/provenance-corpus/Taverna_repository/workflow_2759_version_2/run_7/workflowrun.prov.ttl#taverna-engine> .
<file:///mnt/open-biomed-data/oxford/workspace/wf4ever/provenance-corpus/Taverna_repository/workflow_2759_version_2/run_8/workflowrun.prov.ttl#taverna-prov-export> 	 <file:///mnt/open-biomed-data/oxford/workspace/wf4ever/provenance-corpus/Taverna_repository/workflow_2759_version_2/run_8/workflowrun.prov.ttl#taverna-engine> .
<http://ns.taverna.org.uk/2011/run/b694f8bd-e630-45cf-a65f-a5d797caa26f/> 	 <file:///mnt/open-biomed-data/oxford/workspace/wf4ever/provenance-corpus/Taverna_repository/workflow_2759_version_2/run_8/workflowrun.prov.ttl#taverna-engine> .
<file:///mnt/open-biomed-data/oxford/workspace/wf4ever/provenance-corpus/Taverna_repository/workflow_2759_version_2/run_9/workflowrun.prov.ttl#taverna-prov-export> 	 <file:///mnt/open-biomed-data/oxford/workspace/wf4ever/provenance-corpus/Taverna_repository/workflow_2759_version_2/run_9/workflowrun.prov.ttl#taverna-engine> .
<http://ns.taverna.org.uk/2011/run/8d850148-b4d5-4f3c-8932-f42015c8ebcf/> 	 <file:///mnt/open-biomed-data/oxford/workspace/wf4ever/provenance-corpus/Taverna_repository/workflow_2759_version_2/run_9/workflowrun.prov.ttl#taverna-engine> .
<file:///mnt/open-biomed-data/oxford/workspace/wf4ever/provenance-corpus/Taverna_repository/workflow_2997_version_3/run_1/workflowrun.prov.ttl#taverna-prov-export> 	 <file:///mnt/open-biomed-data/oxford/workspace/wf4ever/provenance-corpus/Taverna_repository/workflow_2997_version_3/run_1/workflowrun.prov.ttl#taverna-engine> .
<http://ns.taverna.org.uk/2011/run/f4fc9318-e510-4318-89b5-54bdef5cc06f/> 	 <file:///mnt/open-biomed-data/oxford/workspace/wf4ever/provenance-corpus/Taverna_repository/workflow_2997_version_3/run_1/workflowrun.prov.ttl#taverna-engine> .
<file:///mnt/open-biomed-data/oxford/workspace/wf4ever/provenance-corpus/Taverna_repository/workflow_3006_version_2/run_1/workflowrun.prov.ttl#taverna-prov-export> 	 <file:///mnt/open-biomed-data/oxford/workspace/wf4ever/provenance-corpus/Taverna_repository/workflow_3006_version_2/run_1/workflowrun.prov.ttl#taverna-engine> .
<http://ns.taverna.org.uk/2011/run/98398108-5af1-4ee2-8c36-b3c97a730d08/> 	 <file:///mnt/open-biomed-data/oxford/workspace/wf4ever/provenance-corpus/Taverna_repository/workflow_3006_version_2/run_1/workflowrun.prov.ttl#taverna-engine> .
<file:///mnt/open-biomed-data/oxford/workspace/wf4ever/provenance-corpus/Taverna_repository/workflow_3006_version_2/run_2/workflowrun.prov.ttl#taverna-prov-export> 	 <file:///mnt/open-biomed-data/oxford/workspace/wf4ever/provenance-corpus/Taverna_repository/workflow_3006_version_2/run_2/workflowrun.prov.ttl#taverna-engine> .
<http://ns.taverna.org.uk/2011/run/ebc94a40-2bef-46f2-8dc9-77fb6c139095/> 	 <file:///mnt/open-biomed-data/oxford/workspace/wf4ever/provenance-corpus/Taverna_repository/workflow_3006_version_2/run_2/workflowrun.prov.ttl#taverna-engine> .
<file:///mnt/open-biomed-data/oxford/workspace/wf4ever/provenance-corpus/Taverna_repository/workflow_3032_version_1/run_1/workflowrun.prov.ttl#taverna-prov-export> 	 <file:///mnt/open-biomed-data/oxford/workspace/wf4ever/provenance-corpus/Taverna_repository/workflow_3032_version_1/run_1/workflowrun.prov.ttl#taverna-engine> .
<http://ns.taverna.org.uk/2011/run/9df4c44a-a192-43fe-acee-e88418ea25f5/> 	 <file:///mnt/open-biomed-data/oxford/workspace/wf4ever/provenance-corpus/Taverna_repository/workflow_3032_version_1/run_1/workflowrun.prov.ttl#taverna-engine> .
<file:///mnt/open-biomed-data/oxford/workspace/wf4ever/provenance-corpus/Taverna_repository/workflow_3062_version_1/run_1/workflowrun.prov.ttl#taverna-prov-export> 	 <file:///mnt/open-biomed-data/oxford/workspace/wf4ever/provenance-corpus/Taverna_repository/workflow_3062_version_1/run_1/workflowrun.prov.ttl#taverna-engine> .
<http://ns.taverna.org.uk/2011/run/2bf17105-b314-43e9-8a45-6d13a1967812/> 	 <file:///mnt/open-biomed-data/oxford/workspace/wf4ever/provenance-corpus/Taverna_repository/workflow_3062_version_1/run_1/workflowrun.prov.ttl#taverna-engine> .
<file:///mnt/open-biomed-data/oxford/workspace/wf4ever/provenance-corpus/Taverna_repository/workflow_3062_version_1/run_2/workflowrun.prov.ttl#taverna-prov-export> 	 <file:///mnt/open-biomed-data/oxford/workspace/wf4ever/provenance-corpus/Taverna_repository/workflow_3062_version_1/run_2/workflowrun.prov.ttl#taverna-engine> .
<http://ns.taverna.org.uk/2011/run/d74c6801-35be-46ac-b500-433e18f24bf7/> 	 <file:///mnt/open-biomed-data/oxford/workspace/wf4ever/provenance-corpus/Taverna_repository/workflow_3062_version_1/run_2/workflowrun.prov.ttl#taverna-engine> .
<file:///mnt/open-biomed-data/oxford/workspace/wf4ever/provenance-corpus/Taverna_repository/workflow_306_version_1/run1/workflowrun.prov.ttl#taverna-prov-export> 	 <file:///mnt/open-biomed-data/oxford/workspace/wf4ever/provenance-corpus/Taverna_repository/workflow_306_version_1/run1/workflowrun.prov.ttl#taverna-engine> .
<http://ns.taverna.org.uk/2011/run/92fd2e54-3edb-4544-84de-5b6f05df9fba/> 	 <file:///mnt/open-biomed-data/oxford/workspace/wf4ever/provenance-corpus/Taverna_repository/workflow_306_version_1/run1/workflowrun.prov.ttl#taverna-engine> .
<file:///mnt/open-biomed-data/oxford/workspace/wf4ever/provenance-corpus/Taverna_repository/workflow_3119_version_1/run_1/workflowrun.prov.ttl#taverna-prov-export> 	 <file:///mnt/open-biomed-data/oxford/workspace/wf4ever/provenance-corpus/Taverna_repository/workflow_3119_version_1/run_1/workflowrun.prov.ttl#taverna-engine> .
<http://ns.taverna.org.uk/2011/run/2613defb-e433-4413-86f8-25180ac19607/> 	 <file:///mnt/open-biomed-data/oxford/workspace/wf4ever/provenance-corpus/Taverna_repository/workflow_3119_version_1/run_1/workflowrun.prov.ttl#taverna-engine> .
<file:///mnt/open-biomed-data/oxford/workspace/wf4ever/provenance-corpus/Taverna_repository/workflow_3119_version_1/run_2/workflowrun.prov.ttl#taverna-prov-export> 	 <file:///mnt/open-biomed-data/oxford/workspace/wf4ever/provenance-corpus/Taverna_repository/workflow_3119_version_1/run_2/workflowrun.prov.ttl#taverna-engine> .
<http://ns.taverna.org.uk/2011/run/3e7547c9-5b59-4480-884c-7fd437913ba7/> 	 <file:///mnt/open-biomed-data/oxford/workspace/wf4ever/provenance-corpus/Taverna_repository/workflow_3119_version_1/run_2/workflowrun.prov.ttl#taverna-engine> .
<file:///mnt/open-biomed-data/oxford/workspace/wf4ever/provenance-corpus/Taverna_repository/workflow_3119_version_1/run_3/workflowrun.prov.ttl#taverna-prov-export> 	 <file:///mnt/open-biomed-data/oxford/workspace/wf4ever/provenance-corpus/Taverna_repository/workflow_3119_version_1/run_3/workflowrun.prov.ttl#taverna-engine> .
<http://ns.taverna.org.uk/2011/run/b9446bf5-47cc-45de-b25c-ce57874a4b9d/> 	 <file:///mnt/open-biomed-data/oxford/workspace/wf4ever/provenance-corpus/Taverna_repository/workflow_3119_version_1/run_3/workflowrun.prov.ttl#taverna-engine> .
<file:///mnt/open-biomed-data/oxford/workspace/wf4ever/provenance-corpus/Taverna_repository/workflow_3119_version_1/run_4/workflowrun.prov.ttl#taverna-prov-export> 	 <file:///mnt/open-biomed-data/oxford/workspace/wf4ever/provenance-corpus/Taverna_repository/workflow_3119_version_1/run_4/workflowrun.prov.ttl#taverna-engine> .
<http://ns.taverna.org.uk/2011/run/8939debd-a2cb-4fb0-8708-d0da7c38eec0/> 	 <file:///mnt/open-biomed-data/oxford/workspace/wf4ever/provenance-corpus/Taverna_repository/workflow_3119_version_1/run_4/workflowrun.prov.ttl#taverna-engine> .
<file:///mnt/open-biomed-data/oxford/workspace/wf4ever/provenance-corpus/Taverna_repository/workflow_3119_version_1/run_5/workflowrun.prov.ttl#taverna-prov-export> 	 <file:///mnt/open-biomed-data/oxford/workspace/wf4ever/provenance-corpus/Taverna_repository/workflow_3119_version_1/run_5/workflowrun.prov.ttl#taverna-engine> .
<http://ns.taverna.org.uk/2011/run/c4a4693a-689f-48bc-8029-0c50e4b05344/> 	 <file:///mnt/open-biomed-data/oxford/workspace/wf4ever/provenance-corpus/Taverna_repository/workflow_3119_version_1/run_5/workflowrun.prov.ttl#taverna-engine> .
<file:///mnt/open-biomed-data/oxford/workspace/wf4ever/provenance-corpus/Taverna_repository/workflow_3119_version_1/run_6/workflowrun.prov.ttl#taverna-prov-export> 	 <file:///mnt/open-biomed-data/oxford/workspace/wf4ever/provenance-corpus/Taverna_repository/workflow_3119_version_1/run_6/workflowrun.prov.ttl#taverna-engine> .
<http://ns.taverna.org.uk/2011/run/0b683e6d-1440-4a06-b6a5-67eb7c3ee88d/> 	 <file:///mnt/open-biomed-data/oxford/workspace/wf4ever/provenance-corpus/Taverna_repository/workflow_3119_version_1/run_6/workflowrun.prov.ttl#taverna-engine> .
<file:///mnt/open-biomed-data/oxford/workspace/wf4ever/provenance-corpus/Taverna_repository/workflow_3119_version_1/run_7/workflowrun.prov.ttl#taverna-prov-export> 	 <file:///mnt/open-biomed-data/oxford/workspace/wf4ever/provenance-corpus/Taverna_repository/workflow_3119_version_1/run_7/workflowrun.prov.ttl#taverna-engine> .
<http://ns.taverna.org.uk/2011/run/1869c492-17da-4616-992a-4f198a8bcbf5/> 	 <file:///mnt/open-biomed-data/oxford/workspace/wf4ever/provenance-corpus/Taverna_repository/workflow_3119_version_1/run_7/workflowrun.prov.ttl#taverna-engine> .
<file:///mnt/open-biomed-data/oxford/workspace/wf4ever/provenance-corpus/Taverna_repository/workflow_3136_version_1/run_1/workflowrun.prov.ttl#taverna-prov-export> 	 <file:///mnt/open-biomed-data/oxford/workspace/wf4ever/provenance-corpus/Taverna_repository/workflow_3136_version_1/run_1/workflowrun.prov.ttl#taverna-engine> .
<http://ns.taverna.org.uk/2011/run/6cc4a64e-2a4c-4537-9159-f3af7edb8163/> 	 <file:///mnt/open-biomed-data/oxford/workspace/wf4ever/provenance-corpus/Taverna_repository/workflow_3136_version_1/run_1/workflowrun.prov.ttl#taverna-engine> .
<file:///mnt/open-biomed-data/oxford/workspace/wf4ever/provenance-corpus/Taverna_repository/workflow_3136_version_1/run_2/workflowrun.prov.ttl#taverna-prov-export> 	 <file:///mnt/open-biomed-data/oxford/workspace/wf4ever/provenance-corpus/Taverna_repository/workflow_3136_version_1/run_2/workflowrun.prov.ttl#taverna-engine> .
<http://ns.taverna.org.uk/2011/run/b0600254-434b-436e-8457-c7821730c2f9/> 	 <file:///mnt/open-biomed-data/oxford/workspace/wf4ever/provenance-corpus/Taverna_repository/workflow_3136_version_1/run_2/workflowrun.prov.ttl#taverna-engine> .
<file:///mnt/open-biomed-data/oxford/workspace/wf4ever/provenance-corpus/Taverna_repository/workflow_3136_version_1/run_3/workflowrun.prov.ttl#taverna-prov-export> 	 <file:///mnt/open-biomed-data/oxford/workspace/wf4ever/provenance-corpus/Taverna_repository/workflow_3136_version_1/run_3/workflowrun.prov.ttl#taverna-engine> .
<http://ns.taverna.org.uk/2011/run/00025c56-c29c-46c1-a1be-b31492bcd1e4/> 	 <file:///mnt/open-biomed-data/oxford/workspace/wf4ever/provenance-corpus/Taverna_repository/workflow_3136_version_1/run_3/workflowrun.prov.ttl#taverna-engine> .
<file:///mnt/open-biomed-data/oxford/workspace/wf4ever/provenance-corpus/Taverna_repository/workflow_3152_version_1/run_1/workflowrun.prov.ttl#taverna-prov-export> 	 <file:///mnt/open-biomed-data/oxford/workspace/wf4ever/provenance-corpus/Taverna_repository/workflow_3152_version_1/run_1/workflowrun.prov.ttl#taverna-engine> .
<http://ns.taverna.org.uk/2011/run/f975fc2f-cb00-4421-874f-b123f8d11998/> 	 <file:///mnt/open-biomed-data/oxford/workspace/wf4ever/provenance-corpus/Taverna_repository/workflow_3152_version_1/run_1/workflowrun.prov.ttl#taverna-engine> .
<file:///mnt/open-biomed-data/oxford/workspace/wf4ever/provenance-corpus/Taverna_repository/workflow_799_version_2/run_1/workflowrun.prov.ttl#taverna-prov-export> 	 <file:///mnt/open-biomed-data/oxford/workspace/wf4ever/provenance-corpus/Taverna_repository/workflow_799_version_2/run_1/workflowrun.prov.ttl#taverna-engine> .
<http://ns.taverna.org.uk/2011/run/9da6926d-271a-45ef-b55b-1c353ff197c6/> 	 <file:///mnt/open-biomed-data/oxford/workspace/wf4ever/provenance-corpus/Taverna_repository/workflow_799_version_2/run_1/workflowrun.prov.ttl#taverna-engine> .
<file:///mnt/open-biomed-data/oxford/workspace/wf4ever/provenance-corpus/Taverna_repository/workflow_80_version_2/run_1/workflowrun.prov.ttl#taverna-prov-export> 	 <file:///mnt/open-biomed-data/oxford/workspace/wf4ever/provenance-corpus/Taverna_repository/workflow_80_version_2/run_1/workflowrun.prov.ttl#taverna-engine> .
<http://ns.taverna.org.uk/2011/run/6b399b75-4055-4b41-b7d7-4a9885fac529/> 	 <file:///mnt/open-biomed-data/oxford/workspace/wf4ever/provenance-corpus/Taverna_repository/workflow_80_version_2/run_1/workflowrun.prov.ttl#taverna-engine> .
<file:///mnt/open-biomed-data/oxford/workspace/wf4ever/provenance-corpus/Taverna_repository/workflow_80_version_2/run_10/workflowrun.prov.ttl#taverna-prov-export> 	 <file:///mnt/open-biomed-data/oxford/workspace/wf4ever/provenance-corpus/Taverna_repository/workflow_80_version_2/run_10/workflowrun.prov.ttl#taverna-engine> .
<http://ns.taverna.org.uk/2011/run/6c747da7-4c05-49c0-9ffe-4c7d9cec18d8/> 	 <file:///mnt/open-biomed-data/oxford/workspace/wf4ever/provenance-corpus/Taverna_repository/workflow_80_version_2/run_10/workflowrun.prov.ttl#taverna-engine> .
<file:///mnt/open-biomed-data/oxford/workspace/wf4ever/provenance-corpus/Taverna_repository/workflow_80_version_2/run_2/workflowrun.prov.ttl#taverna-prov-export> 	 <file:///mnt/open-biomed-data/oxford/workspace/wf4ever/provenance-corpus/Taverna_repository/workflow_80_version_2/run_2/workflowrun.prov.ttl#taverna-engine> .
<http://ns.taverna.org.uk/2011/run/e80642b0-87e1-4b42-ae56-fee1c554e24b/> 	 <file:///mnt/open-biomed-data/oxford/workspace/wf4ever/provenance-corpus/Taverna_repository/workflow_80_version_2/run_2/workflowrun.prov.ttl#taverna-engine> .
<file:///mnt/open-biomed-data/oxford/workspace/wf4ever/provenance-corpus/Taverna_repository/workflow_80_version_2/run_3/workflowrun.prov.ttl#taverna-prov-export> 	 <file:///mnt/open-biomed-data/oxford/workspace/wf4ever/provenance-corpus/Taverna_repository/workflow_80_version_2/run_3/workflowrun.prov.ttl#taverna-engine> .
<http://ns.taverna.org.uk/2011/run/9e791356-5fd4-4397-b611-595a483b728c/> 	 <file:///mnt/open-biomed-data/oxford/workspace/wf4ever/provenance-corpus/Taverna_repository/workflow_80_version_2/run_3/workflowrun.prov.ttl#taverna-engine> .
<file:///mnt/open-biomed-data/oxford/workspace/wf4ever/provenance-corpus/Taverna_repository/workflow_80_version_2/run_4/workflowrun.prov.ttl#taverna-prov-export> 	 <file:///mnt/open-biomed-data/oxford/workspace/wf4ever/provenance-corpus/Taverna_repository/workflow_80_version_2/run_4/workflowrun.prov.ttl#taverna-engine> .
<http://ns.taverna.org.uk/2011/run/7e76f0fb-2958-48bf-a69e-2a48b1117067/> 	 <file:///mnt/open-biomed-data/oxford/workspace/wf4ever/provenance-corpus/Taverna_repository/workflow_80_version_2/run_4/workflowrun.prov.ttl#taverna-engine> .
<file:///mnt/open-biomed-data/oxford/workspace/wf4ever/provenance-corpus/Taverna_repository/workflow_80_version_2/run_5/workflowrun.prov.ttl#taverna-prov-export> 	 <file:///mnt/open-biomed-data/oxford/workspace/wf4ever/provenance-corpus/Taverna_repository/workflow_80_version_2/run_5/workflowrun.prov.ttl#taverna-engine> .
<http://ns.taverna.org.uk/2011/run/97bed8dc-9cb0-4626-aee7-f569f77f677d/> 	 <file:///mnt/open-biomed-data/oxford/workspace/wf4ever/provenance-corpus/Taverna_repository/workflow_80_version_2/run_5/workflowrun.prov.ttl#taverna-engine> .
<file:///mnt/open-biomed-data/oxford/workspace/wf4ever/provenance-corpus/Taverna_repository/workflow_80_version_2/run_6/workflowrun.prov.ttl#taverna-prov-export> 	 <file:///mnt/open-biomed-data/oxford/workspace/wf4ever/provenance-corpus/Taverna_repository/workflow_80_version_2/run_6/workflowrun.prov.ttl#taverna-engine> .
<http://ns.taverna.org.uk/2011/run/434c7155-510b-446f-8c23-734db5053180/> 	 <file:///mnt/open-biomed-data/oxford/workspace/wf4ever/provenance-corpus/Taverna_repository/workflow_80_version_2/run_6/workflowrun.prov.ttl#taverna-engine> .
<file:///mnt/open-biomed-data/oxford/workspace/wf4ever/provenance-corpus/Taverna_repository/workflow_80_version_2/run_7/workflowrun.prov.ttl#taverna-prov-export> 	 <file:///mnt/open-biomed-data/oxford/workspace/wf4ever/provenance-corpus/Taverna_repository/workflow_80_version_2/run_7/workflowrun.prov.ttl#taverna-engine> .
<http://ns.taverna.org.uk/2011/run/737ac2bd-6b11-4d56-93f2-782b28070805/> 	 <file:///mnt/open-biomed-data/oxford/workspace/wf4ever/provenance-corpus/Taverna_repository/workflow_80_version_2/run_7/workflowrun.prov.ttl#taverna-engine> .
<file:///mnt/open-biomed-data/oxford/workspace/wf4ever/provenance-corpus/Taverna_repository/workflow_80_version_2/run_8/workflowrun.prov.ttl#taverna-prov-export> 	 <file:///mnt/open-biomed-data/oxford/workspace/wf4ever/provenance-corpus/Taverna_repository/workflow_80_version_2/run_8/workflowrun.prov.ttl#taverna-engine> .
<http://ns.taverna.org.uk/2011/run/7f388373-ea4d-4ca1-9c27-c990762dc56f/> 	 <file:///mnt/open-biomed-data/oxford/workspace/wf4ever/provenance-corpus/Taverna_repository/workflow_80_version_2/run_8/workflowrun.prov.ttl#taverna-engine> .
<file:///mnt/open-biomed-data/oxford/workspace/wf4ever/provenance-corpus/Taverna_repository/workflow_80_version_2/run_9/workflowrun.prov.ttl#taverna-prov-export> 	 <file:///mnt/open-biomed-data/oxford/workspace/wf4ever/provenance-corpus/Taverna_repository/workflow_80_version_2/run_9/workflowrun.prov.ttl#taverna-engine> .
<http://ns.taverna.org.uk/2011/run/d2c2e79c-c655-4fdd-a692-afdf670d8424/> 	 <file:///mnt/open-biomed-data/oxford/workspace/wf4ever/provenance-corpus/Taverna_repository/workflow_80_version_2/run_9/workflowrun.prov.ttl#taverna-engine> .
